signal_time,entry_time,exit_time,exit_idx,direction,entry_price,gross_profit_bps,net_profit_bps,mfe_bps,mae_bps,exit_bar,exit_reason,is_reentry
2024-01-19 06:45:00,2024-01-19 07:00:00,2024-01-19 08:45:00,1763,SHORT,41474.01,49.731860989569185,41.731860989569185,79.73186098956918,-3.151371184025781,7,TRAILING_STOP,False
2024-01-30 23:45:00,2024-01-31 00:00:00,2024-01-31 00:30:00,2882,LONG,42941.1,6.4827868871550045,-1.5172131128449955,26.482786887155005,-20.31387179182553,2,TRAILING_STOP,False
2024-02-13 14:00:00,2024-02-13 14:15:00,2024-02-13 14:30:00,4186,LONG,49126.0,-12.264788503033017,-20.264788503033017,7.735211496966983,-85.62879127142521,1,TRAILING_STOP,False
2024-03-23 07:00:00,2024-03-23 07:15:00,2024-03-23 08:30:00,7906,SHORT,64503.7,13.981973127122487,5.981973127122487,43.98197312712249,-54.79375601709705,5,TRAILING_STOP,False
2024-05-27 19:45:00,2024-05-27 20:00:00,2024-05-27 22:00:00,14200,LONG,69260.02,70.65547483237661,62.65547483237661,90.65547483237661,0.0,8,TRAILING_STOP,False
2024-06-25 03:15:00,2024-06-25 03:30:00,2024-06-25 04:45:00,16915,SHORT,61350.0,0.9616951915235674,-7.038304808476433,30.961695191523567,-40.565607171964565,5,TRAILING_STOP,False
2024-06-29 00:15:00,2024-06-29 00:30:00,2024-06-29 00:45:00,17283,SHORT,60657.95,-13.852075449302674,-21.852075449302674,16.147924550697326,-25.05524832276778,1,TRAILING_STOP,False
2024-06-29 07:15:00,2024-06-29 07:30:00,2024-06-29 10:00:00,17320,SHORT,61115.99,30.532107882077756,22.532107882077756,36.97232099160942,-0.8917469879820921,10,TIME_EXIT,False
2024-07-01 09:00:00,2024-07-01 09:15:00,2024-07-01 10:30:00,17514,LONG,62886.13,-5.392645405274488,-13.392645405274488,14.607354594725512,-16.70956695856375,5,TRAILING_STOP,False
2024-07-16 05:45:00,2024-07-16 06:00:00,2024-07-16 06:30:00,18938,LONG,63654.92,15.455232682721515,7.455232682721515,35.455232682721515,-38.3191118612667,2,TRAILING_STOP,False
2024-07-16 07:30:00,2024-07-16 07:45:00,2024-07-16 08:15:00,18945,LONG,62914.0,8.195632132752554,0.19563213275255364,28.195632132752554,-56.1051594239761,2,TRAILING_STOP,False
2024-07-21 06:15:00,2024-07-21 06:30:00,2024-07-21 07:15:00,19421,LONG,66800.0,-17.005988023952096,-25.005988023952096,2.9940119760479043,-31.12275449101709,3,TRAILING_STOP,False
2024-07-24 08:45:00,2024-07-24 09:00:00,2024-07-24 11:30:00,19726,SHORT,66437.01,8.579555281009787,0.579555281009787,20.47202304859818,-24.533012548277725,10,TIME_EXIT,False
2024-08-03 12:30:00,2024-08-03 12:45:00,2024-08-03 14:15:00,20697,SHORT,62108.02,12.43091310912807,4.4309131091280705,42.43091310912807,-0.6408190117803146,6,TRAILING_STOP,False
2024-08-22 02:45:00,2024-08-22 03:00:00,2024-08-22 05:15:00,22485,LONG,60186.49,90.24234840742534,82.24234840742534,110.24234840742534,0.0,9,TRAILING_STOP,False
2024-08-24 21:45:00,2024-08-24 22:00:00,2024-08-24 22:15:00,22745,LONG,63612.36,40.937842897197875,32.937842897197875,60.937842897197875,0.0,1,TRAILING_STOP,False
2024-09-07 05:00:00,2024-09-07 05:15:00,2024-09-07 06:30:00,24026,SHORT,54290.0,18.218824829618498,10.218824829618498,48.2188248296185,0.0,5,TRAILING_STOP,False
2024-09-18 10:00:00,2024-09-18 10:15:00,2024-09-18 11:45:00,25103,LONG,59545.45,56.3366470485995,48.3366470485995,76.3366470485995,0.0,6,TRAILING_STOP,False
2024-09-20 14:00:00,2024-09-20 14:15:00,2024-09-20 14:30:00,25306,LONG,62616.91,121.988801427601,113.988801427601,141.988801427601,0.0,1,TRAILING_STOP,False
2024-10-30 13:15:00,2024-10-30 13:30:00,2024-10-30 14:15:00,29145,LONG,71772.03,64.340654709084,56.340654709084006,84.340654709084,-46.81907422710474,3,TRAILING_STOP,False
2024-11-12 10:30:00,2024-11-12 10:45:00,2024-11-12 11:00:00,30380,LONG,86261.3,128.82919687043812,120.82919687043812,148.82919687043812,0.0,1,TRAILING_STOP,False
2024-11-24 22:30:00,2024-11-24 22:45:00,2024-11-24 23:45:00,31583,SHORT,97620.32,-20.850265600439847,-28.850265600439847,9.14973439956015,-76.74017048909484,4,TRAILING_STOP,False
2024-12-18 12:00:00,2024-12-18 12:15:00,2024-12-18 13:00:00,33844,SHORT,105310.33,29.14804369144028,21.14804369144028,59.14804369144028,0.0,3,TRAILING_STOP,False
2024-12-31 17:30:00,2024-12-31 17:45:00,2024-12-31 18:00:00,35112,LONG,93719.14,54.43303470347698,46.43303470347698,74.43303470347698,0.0,1,TRAILING_STOP,False
2025-01-07 12:00:00,2025-01-07 12:15:00,2025-01-07 13:30:00,35766,LONG,100718.09,4.024482592948413,-3.975517407051587,24.024482592948413,-10.172949070022263,5,TRAILING_STOP,False
2025-02-28 14:00:00,2025-02-28 14:15:00,2025-02-28 14:30:00,40762,SHORT,81959.16,78.21609201460917,70.21609201460917,108.21609201460917,-58.019140264491426,1,TRAILING_STOP,False
2025-03-02 14:45:00,2025-03-02 15:00:00,2025-03-02 15:15:00,40957,LONG,85107.45,237.62139507175965,229.62139507175965,257.62139507175965,0.0,1,TRAILING_STOP,False
2025-03-04 19:30:00,2025-03-04 19:45:00,2025-03-04 20:00:00,41168,SHORT,88009.96,-11.15326947086331,-19.15326947086331,18.84673052913669,-34.14272657321861,1,TRAILING_STOP,False
2025-04-01 14:00:00,2025-04-01 14:15:00,2025-04-01 15:15:00,43837,LONG,82796.11,273.63215252504057,265.63215252504057,293.63215252504057,0.0,4,TRAILING_STOP,False
2025-04-03 23:45:00,2025-04-04 00:00:00,2025-04-04 00:15:00,44065,SHORT,83213.09,-10.798694051621105,-18.798694051621105,19.201305948378895,-20.321322042001544,1,TRAILING_STOP,False
2025-05-24 11:15:00,2025-05-24 11:30:00,2025-05-24 14:00:00,48920,SHORT,109337.01,55.97098365868988,47.97098365868988,72.89480478750926,-1.7706721630672526,10,TIME_EXIT,False
2025-06-17 00:00:00,2025-06-17 00:15:00,2025-06-17 00:30:00,51170,LONG,106231.9,51.718570410583325,43.718570410583325,71.71857041058333,0.0,1,TRAILING_STOP,False
2025-07-08 07:30:00,2025-07-08 07:45:00,2025-07-08 10:15:00,53225,SHORT,108417.16,-10.134004616980867,-18.134004616980867,17.34135076034175,-24.243394680325192,10,TIME_EXIT,False
2025-07-14 15:45:00,2025-07-14 16:00:00,2025-07-14 16:30:00,53826,LONG,119878.22,-5.244191980828592,-13.244191980828592,14.755808019171408,-56.408912311177225,2,TRAILING_STOP,False
2025-08-11 11:45:00,2025-08-11 12:00:00,2025-08-11 14:30:00,56506,LONG,120561.53,-17.92554059325601,-25.92554059325601,2.0744594067439888,-97.7608694912876,10,TRAILING_STOP,False
2025-08-14 06:00:00,2025-08-14 06:15:00,2025-08-14 07:00:00,56764,LONG,121738.39,-4.291725888604578,-12.291725888604578,15.708274111395422,-12.764256205458231,3,TRAILING_STOP,False
2025-08-29 12:30:00,2025-08-29 12:45:00,2025-08-29 14:15:00,58233,SHORT,110550.0,173.527815468114,165.527815468114,203.527815468114,-20.856625961104204,6,TRAILING_STOP,False
2025-08-31 00:30:00,2025-08-31 00:45:00,2025-08-31 03:15:00,58381,SHORT,109206.01,-1.3808763821699692,-9.38087638216997,5.8980270408184445,-25.09110991235824,10,TIME_EXIT,False
2025-10-09 23:45:00,2025-10-10 00:00:00,2025-10-10 02:30:00,62218,SHORT,121662.41,36.2856530624378,28.285653062437802,48.97650802741788,-17.402252676073175,10,TIME_EXIT,False
2025-10-13 11:15:00,2025-10-13 11:30:00,2025-10-13 12:45:00,62547,LONG,113643.33,77.29035571203337,69.29035571203337,97.29035571203337,0.0,5,TRAILING_STOP,False
2025-10-21 07:00:00,2025-10-21 07:15:00,2025-10-21 07:30:00,63294,SHORT,109339.48,99.63478516634598,91.63478516634598,129.63478516634598,0.0,1,TRAILING_STOP,False
2025-12-08 09:30:00,2025-12-08 09:45:00,2025-12-08 10:15:00,67818,LONG,90239.17,-16.668852339843365,-24.668852339843365,3.3311476601566343,-69.50086087892855,2,TRAILING_STOP,False
2025-12-16 05:30:00,2025-12-16 05:45:00,2025-12-16 08:15:00,68566,SHORT,86977.1,61.40466858517951,53.40466858517951,65.19992043882942,-93.10266725379424,10,TIME_EXIT,False
2025-12-29 04:00:00,2025-12-29 04:15:00,2025-12-29 04:30:00,69790,LONG,88232.84,-15.786149465436274,-23.786149465436274,4.213850534563726,-34.710432079483645,1,TRAILING_STOP,False
