entry_time,exit_time,direction,entry_price,exit_price,rsi_at_entry,gross_profit_bps,net_profit_bps,mfe_bps,mae_bps,exit_bar,exit_reason,is_winner,quarter
2024-01-13 06:30:00,2024-01-13 06:45:00,SHORT,43070.0,43110.32000000001,83.77891484117984,-9.361504527513485,-17.361504527513485,20.638495472486515,-18.57441374506617,1,TRAILING_STOP,False,2024Q1
2024-01-13 07:00:00,2024-01-13 08:15:00,SHORT,43149.99,43194.27997,85.88049307198709,-10.26419009598931,-18.26419009598931,19.73580990401069,-24.32677272926394,5,TRAILING_STOP,False,2024Q1
2024-01-15 03:30:00,2024-01-15 05:00:00,SHORT,42617.86,42626.86358,81.01489275256718,-2.1126307139779996,-10.112630713978,27.887369286022,-48.52895006929013,6,TRAILING_STOP,False,2024Q1
2024-01-19 07:00:00,2024-01-19 08:45:00,SHORT,41474.01,41267.75203,86.56420010349218,49.731860989569185,41.731860989569185,79.73186098956918,-3.151371184025781,7,TRAILING_STOP,True,2024Q1
2024-01-23 03:15:00,2024-01-23 04:15:00,SHORT,40109.63,40099.848889999994,86.2675579853309,2.438593923703756,-5.561406076296244,32.438593923703756,-16.73164275013272,4,TRAILING_STOP,False,2024Q1
2024-01-31 00:00:00,2024-01-31 00:30:00,LONG,42941.1,42968.9378,19.916670005207706,6.4827868871550045,-1.5172131128449955,26.482786887155005,-20.31387179182553,2,TRAILING_STOP,False,2024Q1
2024-02-12 04:00:00,2024-02-12 05:45:00,LONG,48145.0,48087.14,19.96791705176824,-12.017862706407666,-20.017862706407666,7.982137293592333,-25.381659570048207,7,TRAILING_STOP,False,2024Q1
2024-02-13 14:15:00,2024-02-13 14:30:00,LONG,49126.0,49065.748,19.924541597545513,-12.264788503033017,-20.264788503033017,7.735211496966983,-85.62879127142521,1,TRAILING_STOP,False,2024Q1
2024-02-17 19:45:00,2024-02-17 20:45:00,SHORT,51411.1,51457.23330000001,86.74110172105351,-8.97341235647583,-16.97341235647583,21.02658764352417,-29.1590726516265,4,TRAILING_STOP,False,2024Q1
2024-02-17 21:00:00,2024-02-17 21:15:00,SHORT,51514.01,51621.31203,84.13149794534407,-20.829679149418723,-28.829679149418723,9.170320850581277,-78.64462502530813,1,TRAILING_STOP,False,2024Q1
2024-02-24 05:30:00,2024-02-24 08:00:00,SHORT,51032.72,51018.36,88.84969109800628,2.8138809767538517,-5.186119023246148,18.407797977454923,-16.728483216257207,10,TIME_EXIT,False,2024Q1
2024-03-14 23:15:00,2024-03-15 00:15:00,SHORT,71700.0,71469.09999999999,86.68686474866101,32.20362622036262,24.203626220362622,62.20362622036262,-57.10320781031981,4,TRAILING_STOP,True,2024Q1
2024-03-16 00:15:00,2024-03-16 01:30:00,SHORT,69772.0,69265.31599999999,83.49374536354574,72.61996216247205,64.61996216247205,102.61996216247205,-28.234821991629882,5,TRAILING_STOP,True,2024Q1
2024-03-17 10:30:00,2024-03-17 10:45:00,SHORT,67060.04,67003.94012,82.96115529089559,8.36561982366829,0.3656198236682897,38.36561982366829,-17.169688535825422,1,TRAILING_STOP,True,2024Q1
2024-03-20 09:00:00,2024-03-20 11:30:00,SHORT,62684.71,63451.85,80.28677664757673,-122.38072091264351,-130.3807209126435,0.0,-203.08461186148884,10,TIME_EXIT,False,2024Q1
2024-03-20 10:30:00,2024-03-20 11:00:00,SHORT,63256.04,63081.06812,80.09600089526226,27.660896888265214,19.660896888265214,57.66089688826521,0.0,2,TRAILING_STOP,True,2024Q1
2024-03-23 01:45:00,2024-03-23 03:30:00,SHORT,64074.5,63192.2235,81.38243396443409,137.69541705358608,129.69541705358608,167.69541705358608,-46.88448602798359,7,TRAILING_STOP,True,2024Q1
2024-03-23 07:15:00,2024-03-23 08:30:00,SHORT,64503.7,64413.511099999996,87.37795147370107,13.981973127122487,5.981973127122487,43.98197312712249,-54.79375601709705,5,TRAILING_STOP,True,2024Q1
2024-03-29 20:30:00,2024-03-29 22:00:00,SHORT,69646.95,69498.94085,84.44844704125157,21.25134697212112,13.25134697212112,51.25134697212112,0.0,6,TRAILING_STOP,True,2024Q1
2024-03-30 01:15:00,2024-03-30 03:45:00,SHORT,69960.61,69773.99,84.51063082059358,26.6750104094283,18.6750104094283,30.104082854623563,-31.054617734178528,10,TIME_EXIT,True,2024Q1
2024-04-01 04:30:00,2024-04-01 07:00:00,LONG,70601.54,69702.05,13.935841749959636,-127.40373651906046,-135.40373651906046,0.0,-242.70575401046403,10,TIME_EXIT,False,2024Q2
2024-04-01 21:45:00,2024-04-01 22:30:00,SHORT,69699.99,69787.05997,83.30307818155354,-12.492106526844722,-20.492106526844722,17.507893473155278,-19.226688554760877,3,TRAILING_STOP,False,2024Q2
2024-04-03 04:00:00,2024-04-03 04:15:00,SHORT,66225.79,66318.67737,82.92072404012018,-14.025860620161177,-22.025860620161176,15.974139379838823,-18.290457539276566,1,TRAILING_STOP,False,2024Q2
2024-04-10 06:30:00,2024-04-10 08:00:00,SHORT,69457.42,69008.37226,83.61714915356139,64.65079468831382,56.65079468831382,94.65079468831382,-8.289971035492211,6,TRAILING_STOP,True,2024Q2
2024-04-11 12:30:00,2024-04-11 13:15:00,LONG,69992.75,70854.1745,19.610928834818637,123.07338974393826,115.07338974393826,143.07338974393826,0.0,3,TRAILING_STOP,True,2024Q2
2024-04-13 05:30:00,2024-04-13 06:45:00,SHORT,67669.44,67461.63832,90.97381823530398,30.708349293269997,22.708349293269997,60.70834929327,0.0,5,TRAILING_STOP,True,2024Q2
2024-04-14 06:45:00,2024-04-14 07:45:00,SHORT,64833.92,64438.15176,86.0039884584661,61.043392100924464,53.043392100924464,91.04339210092446,-0.48585678607763577,4,TRAILING_STOP,True,2024Q2
2024-04-16 08:15:00,2024-04-16 08:45:00,SHORT,63369.99,63267.12997,85.45427945989273,16.23166265293733,8.231662652937331,46.23166265293733,-7.102731119257244,2,TRAILING_STOP,True,2024Q2
2024-04-25 18:15:00,2024-04-25 18:45:00,SHORT,64733.85,64646.411550000004,83.89679167436384,13.50737674338842,5.50737674338842,43.50737674338842,0.0,2,TRAILING_STOP,True,2024Q2
2024-04-29 17:30:00,2024-04-29 19:30:00,SHORT,63184.22,62735.922660000004,80.96770437488759,70.95083867459287,62.95083867459287,100.95083867459287,0.0,8,TRAILING_STOP,True,2024Q2
2024-05-09 03:00:00,2024-05-09 03:30:00,SHORT,61664.64,61608.23392,83.25946877271926,9.147232514452604,1.1472325144526039,39.147232514452604,-8.979214019574691,2,TRAILING_STOP,True,2024Q2
2024-05-16 17:30:00,2024-05-16 18:00:00,LONG,64730.03,65064.99994,19.996395083796216,51.74876946604232,43.74876946604232,71.74876946604232,-10.818780711209131,2,TRAILING_STOP,True,2024Q2
2024-05-21 17:15:00,2024-05-21 17:30:00,LONG,69594.66,69803.53068,19.37197016165706,30.012457852369366,22.012457852369366,50.012457852369366,0.0,1,TRAILING_STOP,True,2024Q2
2024-05-27 20:00:00,2024-05-27 22:00:00,LONG,69260.02,69749.37996,14.997320329569789,70.65547483237661,62.65547483237661,90.65547483237661,0.0,8,TRAILING_STOP,True,2024Q2
2024-05-28 22:15:00,2024-05-29 00:30:00,SHORT,68572.52,68471.75756,85.44162963443432,14.694288615907716,6.694288615907716,44.694288615907716,-8.948190907961466,9,TRAILING_STOP,True,2024Q2
2024-05-31 19:45:00,2024-05-31 22:15:00,SHORT,67854.26,67642.17,83.78422735299804,31.256696337119664,23.256696337119664,52.208954898335755,0.0,10,TIME_EXIT,True,2024Q2
2024-06-25 00:00:00,2024-06-25 01:00:00,SHORT,60293.3,60443.1399,85.39063715070785,-24.851832624852037,-32.85183262485204,5.148167375147964,-61.53254175837116,4,TRAILING_STOP,False,2024Q2
2024-06-25 03:30:00,2024-06-25 04:45:00,SHORT,61350.0,61344.100000000006,87.4823532750191,0.9616951915235674,-7.038304808476433,30.961695191523567,-40.565607171964565,5,TRAILING_STOP,False,2024Q2
2024-06-29 00:30:00,2024-06-29 00:45:00,SHORT,60657.95,60741.97385,86.52070783775044,-13.852075449302674,-21.852075449302674,16.147924550697326,-25.05524832276778,1,TRAILING_STOP,False,2024Q2
2024-06-29 01:45:00,2024-06-29 04:15:00,SHORT,60991.56,60725.49,83.87895116067816,43.624068641628405,35.624068641628405,47.22456680891567,0.0,10,TIME_EXIT,True,2024Q2
2024-06-29 07:30:00,2024-06-29 10:00:00,SHORT,61115.99,60929.39,81.49129986122492,30.532107882077756,22.532107882077756,36.97232099160942,-0.8917469879820921,10,TIME_EXIT,True,2024Q2
2024-07-01 09:15:00,2024-07-01 10:30:00,LONG,62886.13,62852.21774,19.85795319128637,-5.392645405274488,-13.392645405274488,14.607354594725512,-16.70956695856375,5,TRAILING_STOP,False,2024Q3
2024-07-01 10:45:00,2024-07-01 11:45:00,LONG,62840.0,62732.32,17.08331479916393,-17.135582431572246,-25.135582431572246,2.8644175684277533,-39.29503500954811,4,TRAILING_STOP,False,2024Q3
2024-07-01 11:15:00,2024-07-01 12:00:00,LONG,62812.04,62720.895919999995,17.816955162140303,-14.510606565238778,-22.510606565238778,5.489393434761221,-34.861150823950496,3,TRAILING_STOP,False,2024Q3
2024-07-01 22:30:00,2024-07-01 23:15:00,LONG,62881.35,62911.4173,15.916246153300449,4.781592634382331,-3.2184073656176686,24.78159263438233,-5.033288884542309,3,TRAILING_STOP,False,2024Q3
2024-07-03 23:30:00,2024-07-04 00:30:00,SHORT,60353.59,60389.630769999996,82.94809407948091,-5.971603346214067,-13.971603346214067,24.028396653785933,-20.26722851118003,4,TRAILING_STOP,False,2024Q3
2024-07-04 00:30:00,2024-07-04 01:15:00,SHORT,60365.72,60081.097160000005,83.5244899044514,47.149746578024946,39.149746578024946,77.14974657802495,-21.9445738409152,3,TRAILING_STOP,True,2024Q3
2024-07-08 20:00:00,2024-07-08 20:15:00,SHORT,56477.3,56394.431899999996,81.31303052074169,14.672815449747581,6.672815449747581,44.67281544974758,0.0,1,TRAILING_STOP,True,2024Q3
2024-07-16 06:00:00,2024-07-16 06:30:00,LONG,63654.92,63753.30016,19.764822962497576,15.455232682721515,7.455232682721515,35.455232682721515,-38.3191118612667,2,TRAILING_STOP,True,2024Q3
2024-07-16 06:45:00,2024-07-16 09:15:00,LONG,63430.02,62976.0,15.932658470255419,-71.57809504080194,-79.57809504080194,0.0,-166.6056545465379,10,TIME_EXIT,False,2024Q3
2024-07-16 07:45:00,2024-07-16 08:15:00,LONG,62914.0,62965.562,19.396403111567878,8.195632132752554,0.19563213275255364,28.195632132752554,-56.1051594239761,2,TRAILING_STOP,True,2024Q3
2024-07-21 06:30:00,2024-07-21 07:15:00,LONG,66800.0,66686.4,17.049606235284813,-17.005988023952096,-25.005988023952096,2.9940119760479043,-31.12275449101709,3,TRAILING_STOP,False,2024Q3
2024-07-24 09:00:00,2024-07-24 11:30:00,SHORT,66437.01,66380.01,89.97125356791109,8.579555281009787,0.579555281009787,20.47202304859818,-24.533012548277725,10,TIME_EXIT,True,2024Q3
2024-08-01 21:15:00,2024-08-01 23:45:00,SHORT,64719.99,65354.02,84.54484847439909,-97.96509548286376,-105.96509548286376,0.0,-145.2086132893409,10,TIME_EXIT,False,2024Q3
2024-08-01 21:45:00,2024-08-01 22:00:00,SHORT,65083.25,65064.73975,81.16116151178686,2.844088148640708,-5.155911851359292,32.84408814864071,-47.96472210591792,1,TRAILING_STOP,False,2024Q3
2024-08-03 12:45:00,2024-08-03 14:15:00,SHORT,62108.02,62030.81406,85.03151943797192,12.43091310912807,4.4309131091280705,42.43091310912807,-0.6408190117803146,6,TRAILING_STOP,True,2024Q3
2024-08-05 10:00:00,2024-08-05 10:30:00,SHORT,52667.8,50829.663400000005,81.45987822502316,349.0057682303038,341.0057682303038,379.0057682303038,0.0,2,TRAILING_STOP,True,2024Q3
2024-08-05 16:30:00,2024-08-05 17:00:00,SHORT,55461.76,53933.865280000005,86.63431728296247,275.48615839093435,267.48615839093435,305.48615839093435,0.0,2,TRAILING_STOP,True,2024Q3
2024-08-09 02:30:00,2024-08-09 02:45:00,LONG,61279.48,61326.291040000004,18.530876821603854,7.638942105904835,-0.36105789409516476,27.638942105904835,-7.176953851436598,1,TRAILING_STOP,False,2024Q3
2024-08-22 03:00:00,2024-08-22 05:15:00,LONG,60186.49,60729.62702,19.639091996399415,90.24234840742534,82.24234840742534,110.24234840742534,0.0,9,TRAILING_STOP,True,2024Q3
2024-08-24 22:00:00,2024-08-24 22:15:00,LONG,63612.36,63872.775279999994,18.968709862972872,40.937842897197875,32.937842897197875,60.937842897197875,0.0,1,TRAILING_STOP,True,2024Q3
2024-08-28 11:30:00,2024-08-28 12:15:00,SHORT,59990.0,60065.98,80.52415526880193,-12.665444240707124,-20.665444240707124,17.334555759292876,-21.17019503250542,3,TRAILING_STOP,False,2024Q3
2024-08-29 05:30:00,2024-08-29 08:00:00,SHORT,59339.99,59471.01,80.62574995074874,-22.07954534539087,-30.07954534539087,0.0,-71.45434301556203,10,TIME_EXIT,False,2024Q3
2024-08-29 06:30:00,2024-08-29 09:00:00,SHORT,59490.22,59552.47066,82.59569598759704,-10.464015765952595,-18.464015765952595,19.535984234047405,-38.62483614953833,10,TRAILING_STOP,False,2024Q3
2024-08-29 07:45:00,2024-08-29 09:00:00,SHORT,59628.69,59552.88607,81.55883105958122,12.712660633665152,4.712660633665152,42.71266063366515,-15.313098443047746,5,TRAILING_STOP,True,2024Q3
2024-08-30 19:00:00,2024-08-30 20:45:00,SHORT,59371.0,58878.113,80.64663220393469,83.01814016944299,75.01814016944299,113.01814016944299,0.0,7,TRAILING_STOP,True,2024Q3
2024-08-31 13:15:00,2024-08-31 14:00:00,SHORT,59200.01,59069.75003,80.88327311628392,22.0033695940255,14.0033695940255,52.0033695940255,-3.0388508380316086,3,TRAILING_STOP,True,2024Q3
2024-09-06 11:00:00,2024-09-06 11:45:00,SHORT,56178.01,55994.79403,85.46528528738041,32.61346744037391,24.61346744037391,62.61346744037391,0.0,3,TRAILING_STOP,True,2024Q3
2024-09-07 00:30:00,2024-09-07 03:00:00,SHORT,53940.0,53851.1,85.93700894992128,16.481275491286883,8.481275491286883,36.05116796440473,-24.10085279940675,10,TIME_EXIT,True,2024Q3
2024-09-07 05:15:00,2024-09-07 06:30:00,SHORT,54290.0,54191.09,81.5629417333461,18.218824829618498,10.218824829618498,48.2188248296185,0.0,5,TRAILING_STOP,True,2024Q3
2024-09-16 08:30:00,2024-09-16 10:45:00,SHORT,59080.0,58683.24,80.29243854130269,67.1563981042654,59.156398104265406,97.1563981042654,0.0,9,TRAILING_STOP,True,2024Q3
2024-09-17 05:45:00,2024-09-17 08:15:00,SHORT,58420.0,58669.63,84.14936290703176,-42.73022937350178,-50.73022937350178,0.0,-73.26258130777131,10,TIME_EXIT,False,2024Q3
2024-09-18 10:15:00,2024-09-18 11:45:00,LONG,59545.45,59880.909100000004,15.585124353543662,56.3366470485995,48.3366470485995,76.3366470485995,0.0,6,TRAILING_STOP,True,2024Q3
2024-09-19 22:15:00,2024-09-19 22:30:00,LONG,62819.99,62960.37002000001,17.971348448946827,22.346393242024412,14.346393242024412,42.34639324202441,-23.876157891779027,1,TRAILING_STOP,True,2024Q3
2024-09-20 14:15:00,2024-09-20 14:30:00,LONG,62616.91,63380.766180000006,17.11448265385569,121.988801427601,113.988801427601,141.988801427601,0.0,1,TRAILING_STOP,True,2024Q3
2024-09-23 07:00:00,2024-09-23 09:30:00,LONG,63671.42,63600.0,17.78392090542488,-11.216963592142008,-19.216963592142008,6.059233483406173,-58.33386470727341,10,TIME_EXIT,False,2024Q3
2024-10-02 03:00:00,2024-10-02 03:30:00,SHORT,61782.89,61847.99866999999,82.88498351114265,-10.538301138066224,-18.538301138066224,19.461698861933776,-16.203515245078467,2,TRAILING_STOP,False,2024Q4
2024-10-02 03:30:00,2024-10-02 06:00:00,SHORT,61712.01,61535.13603,86.02927729141342,28.661190909192882,20.661190909192882,58.66119090919288,-25.27384863983545,10,TRAILING_STOP,True,2024Q4
2024-10-03 20:00:00,2024-10-03 21:00:00,SHORT,61036.0,60779.508,84.13451156919098,42.02306835310284,34.02306835310284,72.02306835310284,0.0,4,TRAILING_STOP,True,2024Q4
2024-10-11 22:45:00,2024-10-11 23:15:00,LONG,62415.01,62541.83998,18.870195002728522,20.320429332623064,12.320429332623064,40.320429332623064,-4.244171394029295,2,TRAILING_STOP,True,2024Q4
2024-10-15 04:00:00,2024-10-15 05:00:00,LONG,65399.99,65560.41002000001,10.898082744702705,24.529058796493466,16.529058796493466,44.529058796493466,-3.8211015016971657,4,TRAILING_STOP,True,2024Q4
2024-10-15 21:45:00,2024-10-15 22:30:00,LONG,66239.47,66859.52106,17.776822380026545,93.60749112273979,85.60749112273979,113.60749112273979,0.0,3,TRAILING_STOP,True,2024Q4
2024-10-26 05:45:00,2024-10-26 08:15:00,SHORT,67202.02,67138.0,83.12173188674996,9.52649935225222,1.5264993522522197,30.71485053574334,-5.654591930421139,10,TIME_EXIT,True,2024Q4
2024-10-30 13:30:00,2024-10-30 14:15:00,LONG,71772.03,72233.81594,14.571141507437744,64.340654709084,56.340654709084006,84.340654709084,-46.81907422710474,3,TRAILING_STOP,True,2024Q4
2024-11-01 11:30:00,2024-11-01 12:30:00,SHORT,70188.0,70107.584,80.05456756845592,11.4572291559805,3.4572291559804995,41.4572291559805,-37.428050378981744,4,TRAILING_STOP,True,2024Q4
2024-11-05 01:15:00,2024-11-05 01:30:00,SHORT,67978.02,67680.56406,83.55529619363185,43.757664609825255,35.757664609825255,73.75766460982526,0.0,1,TRAILING_STOP,True,2024Q4
2024-11-12 10:45:00,2024-11-12 11:00:00,LONG,86261.3,87372.5974,16.426545447715128,128.82919687043812,120.82919687043812,148.82919687043812,0.0,1,TRAILING_STOP,True,2024Q4
2024-11-18 01:30:00,2024-11-18 03:45:00,SHORT,90572.65,90571.71795,80.4640950613454,0.10290634093119522,-7.897093659068805,30.102906340931195,-40.055138057681674,9,TRAILING_STOP,False,2024Q4
2024-11-19 22:45:00,2024-11-20 00:00:00,LONG,91709.8,92235.2604,17.43290682266172,57.29599235850368,49.29599235850368,77.29599235850368,-13.575430324785357,5,TRAILING_STOP,True,2024Q4
2024-11-21 15:30:00,2024-11-21 15:45:00,LONG,96156.0,96735.688,19.582615675323098,60.2862015890844,52.2862015890844,80.2862015890844,-12.31956404176613,1,TRAILING_STOP,True,2024Q4
2024-11-24 22:45:00,2024-11-24 23:45:00,SHORT,97620.32,97823.86096,87.12995059639127,-20.850265600439847,-28.850265600439847,9.14973439956015,-76.74017048909484,4,TRAILING_STOP,False,2024Q4
2024-12-03 22:45:00,2024-12-04 01:15:00,SHORT,95850.57,95711.01,81.44271804433453,14.560163804973952,6.560163804973952,41.793178694713134,-28.555907387926002,10,TIME_EXIT,True,2024Q4
2024-12-05 18:30:00,2024-12-05 18:45:00,LONG,101076.0,100961.858,19.760921300982204,-11.292690648621358,-19.29269064862136,8.707309351378642,-89.37136412204696,1,TRAILING_STOP,False,2024Q4
2024-12-10 21:30:00,2024-12-10 23:15:00,SHORT,96936.4,96878.23919999998,87.74920881204821,5.999892713160506,-2.0001072868394942,35.999892713160506,-19.829496453344788,7,TRAILING_STOP,False,2024Q4
2024-12-10 22:30:00,2024-12-11 00:00:00,SHORT,96810.12,96693.13036,81.04044660330614,12.08444323795883,4.08444323795883,42.08444323795883,-32.89945307370758,6,TRAILING_STOP,True,2024Q4
2024-12-11 05:30:00,2024-12-11 08:00:00,SHORT,97384.95,97541.02484999999,80.42050277019109,-16.02658829726752,-24.02658829726752,13.97341170273248,-52.83362572964345,10,TRAILING_STOP,False,2024Q4
2024-12-12 19:45:00,2024-12-12 20:15:00,LONG,99472.0,99757.056,14.078375906480517,28.65690847675728,20.65690847675728,48.65690847675728,-0.670540453594806,2,TRAILING_STOP,True,2024Q4
2024-12-18 12:15:00,2024-12-18 13:00:00,SHORT,105310.33,105003.37099,86.9202873282659,29.14804369144028,21.14804369144028,59.14804369144028,0.0,3,TRAILING_STOP,True,2024Q4
2024-12-20 15:30:00,2024-12-20 16:00:00,SHORT,97065.34,97108.91601999999,83.28112758288148,-4.489349133275031,-12.48934913327503,25.51065086672497,-52.197828802742926,2,TRAILING_STOP,False,2024Q4
2024-12-20 16:15:00,2024-12-20 16:30:00,SHORT,97509.19,97354.52757,80.92986250963412,15.86131830240845,7.861318302408449,45.86131830240845,-12.458312903634614,1,TRAILING_STOP,True,2024Q4
2024-12-23 10:30:00,2024-12-23 10:45:00,SHORT,96156.33,96320.76899,80.46576119785483,-17.101213201460702,-25.101213201460702,12.898786798539298,-30.03858404329663,1,TRAILING_STOP,False,2024Q4
2024-12-31 17:45:00,2024-12-31 18:00:00,LONG,93719.14,94229.28172,14.978025893811775,54.43303470347698,46.43303470347698,74.43303470347698,0.0,1,TRAILING_STOP,True,2024Q4
2025-01-07 12:15:00,2025-01-07 13:30:00,LONG,100718.09,100758.62382,18.843631194063335,4.024482592948413,-3.975517407051587,24.024482592948413,-10.172949070022263,5,TRAILING_STOP,False,2025Q1
2025-01-10 03:00:00,2025-01-10 03:45:00,SHORT,93364.36,93592.67308,81.012022954897,-24.453986510484427,-32.45398651048443,5.546013489515575,-38.930272750758554,3,TRAILING_STOP,False,2025Q1
2025-01-10 04:00:00,2025-01-10 04:45:00,SHORT,93696.13,93781.08838999999,84.42658438572795,-9.06743853774914,-17.06743853774914,20.93256146225086,-15.977180701059593,3,TRAILING_STOP,False,2025Q1
2025-01-14 13:30:00,2025-01-14 13:45:00,LONG,95898.66,96497.91268000001,13.39785982616101,62.48811818642751,54.48811818642751,82.48811818642751,0.0,1,TRAILING_STOP,True,2025Q1
2025-01-20 05:15:00,2025-01-20 06:15:00,SHORT,102485.74,102528.25722,83.14376806477965,-4.14859862454988,-12.14859862454988,25.85140137545012,-29.27334085698115,4,TRAILING_STOP,False,2025Q1
2025-01-21 12:15:00,2025-01-21 14:30:00,SHORT,103977.99,103578.49397,82.04318641900767,38.42121106591958,30.42121106591958,68.42121106591958,-129.0667380663922,9,TRAILING_STOP,True,2025Q1
2025-01-27 21:15:00,2025-01-27 21:45:00,SHORT,102295.12,101260.88536,81.57722352897292,101.10302817964293,93.10302817964293,131.10302817964293,0.0,2,TRAILING_STOP,True,2025Q1
2025-02-03 08:30:00,2025-02-03 08:45:00,SHORT,95390.39,95253.49117000001,80.74490745332514,14.351427853475855,6.351427853475855,44.351427853475855,-2.241315922914736,1,TRAILING_STOP,True,2025Q1
2025-02-08 01:45:00,2025-02-08 02:15:00,SHORT,96650.01,96689.07002999999,80.37312597896529,-4.041389131775627,-12.041389131775627,25.958610868224373,-9.697877941244961,2,TRAILING_STOP,False,2025Q1
2025-02-08 19:15:00,2025-02-08 21:45:00,SHORT,96500.0,96527.36,81.92928113204344,-2.835233160621822,-10.835233160621822,14.663212435233161,-25.906735751295336,10,TIME_EXIT,False,2025Q1
2025-02-17 22:00:00,2025-02-18 00:30:00,SHORT,96409.33,95626.46,82.87746718765688,81.20272176977014,73.20272176977014,90.37714503357786,0.0,10,TIME_EXIT,True,2025Q1
2025-02-22 11:45:00,2025-02-22 14:15:00,SHORT,96595.0,96650.02,84.43174927393014,-5.695946995186508,-13.695946995186507,7.352347429991622,-39.85713546249806,10,TIME_EXIT,False,2025Q1
2025-02-22 12:15:00,2025-02-22 14:45:00,SHORT,96646.0,96535.9,87.89033016798135,11.392090722844795,3.392090722844795,15.285681766446197,-34.55911263787431,10,TIME_EXIT,True,2025Q1
2025-02-28 00:00:00,2025-02-28 01:30:00,SHORT,84708.57,81365.12571000001,81.34217538291983,394.69964963403424,386.69964963403424,424.69964963403424,-9.378035776071744,6,TRAILING_STOP,True,2025Q1
2025-02-28 14:15:00,2025-02-28 14:30:00,SHORT,81959.16,81318.10747999999,80.7224025974023,78.21609201460917,70.21609201460917,108.21609201460917,-58.019140264491426,1,TRAILING_STOP,True,2025Q1
2025-03-02 15:00:00,2025-03-02 15:15:00,LONG,85107.45,87129.7851,16.701321349519674,237.62139507175965,229.62139507175965,257.62139507175965,0.0,1,TRAILING_STOP,True,2025Q1
2025-03-04 19:00:00,2025-03-04 21:00:00,SHORT,86764.25,86842.56275,81.15131411218816,-9.025923695531752,-17.025923695531752,20.974076304468248,-239.24369772112348,8,TRAILING_STOP,False,2025Q1
2025-03-04 19:45:00,2025-03-04 20:00:00,SHORT,88009.96,88108.11988,80.66706483285436,-11.15326947086331,-19.15326947086331,18.84673052913669,-34.14272657321861,1,TRAILING_STOP,False,2025Q1
2025-03-06 14:00:00,2025-03-06 14:30:00,LONG,89569.13,90171.38174000001,14.841122248256383,67.23876183680687,59.23876183680687,87.23876183680687,-50.402409848126425,2,TRAILING_STOP,True,2025Q1
2025-03-10 02:30:00,2025-03-10 03:30:00,SHORT,82146.03,82038.25809000002,85.50147340328378,13.119551851744,5.119551851743999,43.119551851744,-51.252629007147895,4,TRAILING_STOP,True,2025Q1
2025-03-11 04:45:00,2025-03-11 05:00:00,SHORT,79943.05,79959.69915,84.95651614690489,-2.082626319610327,-10.082626319610327,27.917373680389673,-45.90142607768869,1,TRAILING_STOP,False,2025Q1
2025-03-12 04:45:00,2025-03-12 05:00:00,LONG,81651.77,81775.77646000001,16.977487678167137,15.187234765394265,7.187234765394265,35.187234765394265,-4.258327774156528,1,TRAILING_STOP,True,2025Q1
2025-03-25 04:30:00,2025-03-25 06:30:00,LONG,86450.88,86706.86824,17.642288327457734,29.610831029134623,21.610831029134623,49.61083102913462,-5.885423028661438,8,TRAILING_STOP,True,2025Q1
2025-03-29 00:30:00,2025-03-29 03:00:00,SHORT,84537.74,83839.77,80.40710802761987,82.56312506106754,74.56312506106754,97.95270136154657,-4.2324292085403314,10,TIME_EXIT,True,2025Q1
2025-04-01 14:15:00,2025-04-01 15:15:00,LONG,82796.11,85061.67778,17.3376512083137,273.63215252504057,265.63215252504057,293.63215252504057,0.0,4,TRAILING_STOP,True,2025Q2
2025-04-04 00:00:00,2025-04-04 00:15:00,SHORT,83213.09,83302.94927,87.22475444565694,-10.798694051621105,-18.798694051621105,19.201305948378895,-20.321322042001544,1,TRAILING_STOP,False,2025Q2
2025-04-07 22:45:00,2025-04-08 00:00:00,SHORT,79948.94,79323.17682,80.95880230161565,78.27035355315537,70.27035355315537,108.27035355315537,-16.892031339002482,5,TRAILING_STOP,True,2025Q2
2025-04-28 05:15:00,2025-04-28 06:00:00,SHORT,94130.43,94316.04129,87.83699983422443,-19.71852141756934,-27.71852141756934,10.281478582430658,-31.497784510280603,3,TRAILING_STOP,False,2025Q2
2025-05-03 14:30:00,2025-05-03 17:00:00,SHORT,96365.99,96036.47,81.00597030696973,34.19463651024641,26.19463651024641,42.94980002799736,-14.885957172234423,10,TIME_EXIT,True,2025Q2
2025-05-03 15:15:00,2025-05-03 17:45:00,SHORT,96461.57,96159.06470999999,89.19412813000423,31.360187274581364,23.360187274581364,61.360187274581364,-2.3387552161962186,10,TRAILING_STOP,True,2025Q2
2025-05-05 18:45:00,2025-05-05 20:45:00,SHORT,94845.48,94160.53644,80.26933986946102,72.21678460586588,64.21678460586588,102.21678460586588,-5.748297124966216,8,TRAILING_STOP,True,2025Q2
2025-05-05 19:15:00,2025-05-05 20:45:00,SHORT,94804.87,94160.41461,80.36843147797038,67.97703430214032,59.977034302140325,97.97703430214032,0.0,6,TRAILING_STOP,True,2025Q2
2025-05-12 23:15:00,2025-05-13 01:00:00,SHORT,102916.43,102474.13928999999,82.37734590835511,42.97571437330207,34.97571437330207,72.97571437330207,-18.105952567535724,7,TRAILING_STOP,True,2025Q2
2025-05-19 03:30:00,2025-05-19 06:00:00,LONG,104217.4,103110.92,16.56487568346475,-106.17037078261366,-114.17037078261366,0.0,-163.45926879772466,10,TIME_EXIT,False,2025Q2
2025-05-20 08:30:00,2025-05-20 10:30:00,LONG,104895.24,105206.86952000001,18.114204840852395,29.708642641934773,21.708642641934773,49.70864264193477,0.0,8,TRAILING_STOP,True,2025Q2
2025-05-21 10:00:00,2025-05-21 12:00:00,LONG,106200.03,106529.30993999999,16.24403970287689,31.00563530914328,23.00563530914328,51.00563530914328,-3.90395369944734,8,TRAILING_STOP,True,2025Q2
2025-05-24 11:30:00,2025-05-24 14:00:00,SHORT,109337.01,108725.04,89.83013798442525,55.97098365868988,47.97098365868988,72.89480478750926,-1.7706721630672526,10,TIME_EXIT,True,2025Q2
2025-05-25 20:00:00,2025-05-25 21:00:00,SHORT,107717.02,107732.24106,87.28660388265655,-1.4130598859857493,-9.41305988598575,28.58694011401425,-18.327651470491688,4,TRAILING_STOP,False,2025Q2
2025-05-28 23:30:00,2025-05-29 00:15:00,SHORT,107956.55,107744.98964999999,81.56990402879083,19.596805381424986,11.596805381424986,49.596805381424986,-5.878290849419683,3,TRAILING_STOP,True,2025Q2
2025-05-29 09:00:00,2025-05-29 10:45:00,SHORT,108492.5,108673.62749999999,81.34857959621189,-16.69493282945772,-24.69493282945772,13.305067170542278,-33.610618245500305,7,TRAILING_STOP,False,2025Q2
2025-05-31 14:15:00,2025-05-31 15:15:00,SHORT,104404.41,104601.27322999999,87.13922546594945,-18.855834729586057,-26.855834729586057,11.144165270413943,-36.364364302236226,4,TRAILING_STOP,False,2025Q2
2025-06-06 05:45:00,2025-06-06 08:15:00,SHORT,102883.72,103402.18,81.15514497535261,-50.39281239053096,-58.39281239053096,0.0,-58.8314652697238,10,TIME_EXIT,False,2025Q2
2025-06-06 11:30:00,2025-06-06 13:00:00,SHORT,103852.99,103825.25897,80.83912768647271,2.670219701908259,-5.329780298091741,32.67021970190826,-43.04257393070674,6,TRAILING_STOP,False,2025Q2
2025-06-13 23:30:00,2025-06-14 02:00:00,SHORT,105874.27,105468.01,80.21331604455968,38.371929270445904,30.371929270445904,47.25132933620265,-35.6772235596048,10,TIME_EXIT,True,2025Q2
2025-06-14 00:00:00,2025-06-14 02:30:00,SHORT,106066.59,105320.01,80.91384512781246,70.38785728852052,62.38785728852052,71.06007650476855,-17.48052803432292,10,TIME_EXIT,True,2025Q2
2025-06-17 00:15:00,2025-06-17 00:30:00,LONG,106231.9,106781.3162,19.54844449630258,51.718570410583325,43.718570410583325,71.71857041058333,0.0,1,TRAILING_STOP,True,2025Q2
2025-06-17 07:15:00,2025-06-17 08:30:00,LONG,106718.34,106609.34332,19.71065342920552,-10.213490951976732,-18.21349095197673,9.786509048023268,-22.18362841850714,5,TRAILING_STOP,False,2025Q2
2025-06-27 22:15:00,2025-06-28 00:45:00,SHORT,107166.58,107064.19,80.00117588264715,9.554284554009227,1.554284554009227,29.765809452910155,-1.082427002895051,10,TIME_EXIT,True,2025Q2
2025-07-02 04:30:00,2025-07-02 05:30:00,SHORT,106225.98,106526.62794,84.4552818647719,-28.302675108292828,-36.30267510829283,1.6973248917071733,-37.184876995251074,4,TRAILING_STOP,False,2025Q3
2025-07-02 05:30:00,2025-07-02 08:00:00,SHORT,106454.45,107373.58,81.45638635954901,-86.34021405399254,-94.34021405399254,0.0,-90.87266901477624,10,TIME_EXIT,False,2025Q3
2025-07-04 23:00:00,2025-07-05 01:30:00,SHORT,108254.95,107981.14,92.25282345948031,25.293069739535948,17.293069739535948,33.28623771938341,0.0,10,TIME_EXIT,True,2025Q3
2025-07-08 06:15:00,2025-07-08 08:45:00,SHORT,108237.58,108262.36,83.19610237823174,-2.289408170433858,-10.289408170433859,4.722943731742278,-26.554547875146344,10,TIME_EXIT,False,2025Q3
2025-07-08 06:45:00,2025-07-08 09:15:00,SHORT,108315.99,108387.89,80.11791353007757,-6.637985767382468,-14.637985767382467,9.227631118915282,-19.29631996162291,10,TIME_EXIT,False,2025Q3
2025-07-08 07:45:00,2025-07-08 10:15:00,SHORT,108417.16,108527.03,84.30377123912116,-10.134004616980867,-18.134004616980867,17.34135076034175,-24.243394680325192,10,TIME_EXIT,False,2025Q3
2025-07-14 16:00:00,2025-07-14 16:30:00,LONG,119878.22,119815.35356,18.413302448709373,-5.244191980828592,-13.244191980828592,14.755808019171408,-56.408912311177225,2,TRAILING_STOP,False,2025Q3
2025-07-15 23:15:00,2025-07-16 00:30:00,SHORT,117833.01,117778.76903000001,83.45880020127854,4.603206690552227,-3.396793309447773,34.60320669055223,-7.382481360698946,5,TRAILING_STOP,False,2025Q3
2025-07-25 19:15:00,2025-07-25 19:30:00,SHORT,116655.99,116971.65797,80.30238132125557,-27.059730923375394,-35.0597309233754,2.9402690766246047,-28.95007791713063,1,TRAILING_STOP,False,2025Q3
2025-07-31 00:15:00,2025-07-31 02:45:00,SHORT,117896.23,118447.52,82.99341601592332,-46.760613125628204,-54.760613125628204,0.0,-54.80752013868497,10,TIME_EXIT,False,2025Q3
2025-08-03 04:00:00,2025-08-03 06:30:00,SHORT,113604.2,113477.99,83.71192226890747,11.109624468108738,3.1096244681087377,23.162876020428772,-4.823765318536015,10,TIME_EXIT,True,2025Q3
2025-08-11 12:00:00,2025-08-11 14:30:00,LONG,120561.53,120345.41694,19.41940684442484,-17.92554059325601,-25.92554059325601,2.0744594067439888,-97.7608694912876,10,TRAILING_STOP,False,2025Q3
2025-08-11 19:45:00,2025-08-11 21:30:00,LONG,119166.01,118934.29798,14.742963501419041,-19.44447246324603,-27.44447246324603,0.55552753675397,-66.515611288823,7,TRAILING_STOP,False,2025Q3
2025-08-14 06:15:00,2025-08-14 07:00:00,LONG,121738.39,121686.14322,14.42722041221704,-4.291725888604578,-12.291725888604578,15.708274111395422,-12.764256205458231,3,TRAILING_STOP,False,2025Q3
2025-08-14 08:00:00,2025-08-14 08:30:00,LONG,121725.31,121802.44938,18.87900404664832,6.337168498482075,-1.6628315015179247,26.337168498482075,-5.079469503918434,2,TRAILING_STOP,False,2025Q3
2025-08-15 04:30:00,2025-08-15 06:15:00,SHORT,119172.77,118987.09831,85.0606519554419,15.580043159188321,7.580043159188321,45.58004315918832,-0.18124945824360217,7,TRAILING_STOP,True,2025Q3
2025-08-17 04:30:00,2025-08-17 07:00:00,SHORT,117771.38,118005.82,86.07632093933444,-19.906364347603155,-27.906364347603155,0.0,-39.01117572028131,10,TIME_EXIT,False,2025Q3
2025-08-23 04:00:00,2025-08-23 06:15:00,LONG,115568.77,115803.39245999999,18.819883900824124,20.301545131958633,12.301545131958633,40.30154513195863,0.0,9,TRAILING_STOP,True,2025Q3
2025-08-29 12:45:00,2025-08-29 14:15:00,SHORT,110550.0,108631.65,82.04317787036213,173.527815468114,165.527815468114,203.527815468114,-20.856625961104204,6,TRAILING_STOP,True,2025Q3
2025-08-31 00:45:00,2025-08-31 03:15:00,SHORT,109206.01,109221.09,80.19621116877792,-1.3808763821699692,-9.38087638216997,5.8980270408184445,-25.09110991235824,10,TIME_EXIT,False,2025Q3
2025-09-07 02:15:00,2025-09-07 04:45:00,SHORT,110529.57,110557.76,82.72919048616087,-2.5504487170254775,-10.550448717025478,3.583656391678768,-18.415886355116402,10,TIME_EXIT,False,2025Q3
2025-09-07 03:30:00,2025-09-07 06:00:00,SHORT,110710.0,110585.23,83.4139846890445,11.269984644567254,3.269984644567254,19.87535001354833,0.0,10,TIME_EXIT,True,2025Q3
2025-09-20 07:45:00,2025-09-20 10:15:00,SHORT,115925.67,115732.83,81.79720199529672,16.634797107491075,8.634797107491075,22.56273351708881,-3.70064714743583,10,TIME_EXIT,True,2025Q3
2025-09-23 08:00:00,2025-09-23 10:30:00,SHORT,113090.13,112840.48,86.22956813780621,22.075312850025792,14.075312850025792,23.12403390110254,-16.92190114203559,10,TIME_EXIT,True,2025Q3
2025-09-30 09:45:00,2025-09-30 12:15:00,LONG,112983.66,113085.52,16.90704744986816,9.015462943933713,1.0154629439337128,13.433800958474777,-28.976756461952057,10,TIME_EXIT,True,2025Q3
2025-09-30 11:30:00,2025-09-30 12:45:00,LONG,112927.44,113030.13512000002,19.43542382815619,9.09390312930169,1.0939031293016903,29.09390312930169,0.0,5,TRAILING_STOP,True,2025Q3
2025-10-05 09:00:00,2025-10-05 11:30:00,LONG,124596.0,123349.95,16.367415568944466,-100.00722334585403,-108.00722334585403,0.0,-166.59924877203076,10,TIME_EXIT,False,2025Q4
2025-10-10 00:00:00,2025-10-10 02:30:00,SHORT,121662.41,121220.95,80.04581762461392,36.2856530624378,28.285653062437802,48.97650802741788,-17.402252676073175,10,TIME_EXIT,True,2025Q4
2025-10-11 11:30:00,2025-10-11 12:15:00,SHORT,112350.0,112375.03000000001,82.25048981480607,-2.227859368045923,-10.227859368045923,27.772140631954077,-10.383622607921986,3,TRAILING_STOP,False,2025Q4
2025-10-12 06:30:00,2025-10-12 09:00:00,SHORT,111933.62,111200.52,80.97559643300983,65.49417413642044,57.49417413642044,70.91256407145592,-0.020547892582271292,10,TIME_EXIT,True,2025Q4
2025-10-13 11:30:00,2025-10-13 12:45:00,LONG,113643.33,114521.68334,15.21217259028019,77.29035571203337,69.29035571203337,97.29035571203337,0.0,5,TRAILING_STOP,True,2025Q4
2025-10-21 07:15:00,2025-10-21 07:30:00,SHORT,109339.48,108250.07844,80.36130854392087,99.63478516634598,91.63478516634598,129.63478516634598,0.0,1,TRAILING_STOP,True,2025Q4
2025-10-22 22:00:00,2025-10-22 23:00:00,SHORT,108705.76,108649.70727999999,82.8401957163949,5.156370738772104,-2.843629261227896,35.156370738772104,-21.578433378323925,4,TRAILING_STOP,False,2025Q4
2025-10-23 16:00:00,2025-10-23 18:30:00,LONG,109651.95,110219.75,18.005924828735502,51.782024852271476,43.782024852271476,57.90412300009326,-17.269186731289373,10,TIME_EXIT,True,2025Q4
2025-10-27 15:45:00,2025-10-27 16:15:00,LONG,114402.28,114398.18544,12.037915860318137,-0.35790895076510765,-8.357908950765108,19.642091049234892,-21.97508651051309,2,TRAILING_STOP,False,2025Q4
2025-10-29 01:30:00,2025-10-29 04:00:00,SHORT,113284.21,112937.79,82.07809536057599,30.579725100260028,22.579725100260028,45.51207975056733,-30.00506425387871,10,TIME_EXIT,True,2025Q4
2025-10-29 02:00:00,2025-10-29 04:30:00,SHORT,113444.21,112894.85,83.73231335135904,48.42556530650622,40.42556530650622,59.55173913238954,-15.858896632978354,10,TIME_EXIT,True,2025Q4
2025-10-30 02:30:00,2025-10-30 05:00:00,SHORT,111366.72,109912.22,85.42206123148421,130.60454685205778,122.60454685205778,138.0286678102765,0.0,10,TIME_EXIT,True,2025Q4
2025-11-04 23:30:00,2025-11-05 00:45:00,SHORT,101998.3,101805.9949,82.49526354086649,18.853755405727632,10.853755405727632,48.85375540572763,-32.08190724747333,5,TRAILING_STOP,True,2025Q4
2025-11-11 00:45:00,2025-11-11 02:00:00,LONG,105073.09,105117.60382,17.52177609825219,4.236462447235873,-3.7635375527641273,24.236462447235873,-24.90932740247726,5,TRAILING_STOP,False,2025Q4
2025-11-13 18:15:00,2025-11-13 18:45:00,SHORT,100420.39,99109.26117,83.57029764667716,130.56400497946674,122.56400497946674,160.56400497946674,0.0,2,TRAILING_STOP,True,2025Q4
2025-11-14 22:00:00,2025-11-15 00:15:00,SHORT,96656.0,96211.17800000001,80.62242524867597,46.021147161065386,38.021147161065386,76.02114716106539,0.0,9,TRAILING_STOP,True,2025Q4
2025-11-18 05:45:00,2025-11-18 07:00:00,SHORT,91445.34,91384.33602,89.45265449828577,6.6710867934874045,-1.3289132065125955,36.671086793487405,-47.325538950372334,4,TRAILING_STOP,False,2025Q4
2025-11-19 17:45:00,2025-11-19 18:15:00,SHORT,91327.03,91535.97109,81.9809860711919,-22.878340618325858,-30.878340618325858,7.121659381674144,-29.232309426902546,2,TRAILING_STOP,False,2025Q4
2025-12-01 17:30:00,2025-12-01 17:45:00,SHORT,86572.65,86709.65795000001,84.10226664286954,-15.825777540598347,-23.825777540598345,14.174222459401653,-19.644772338608902,1,TRAILING_STOP,False,2025Q4
2025-12-08 09:45:00,2025-12-08 10:15:00,LONG,90239.17,90088.75166,16.537754830720658,-16.668852339843365,-24.668852339843365,3.3311476601566343,-69.50086087892855,2,TRAILING_STOP,False,2025Q4
2025-12-09 16:30:00,2025-12-09 16:45:00,LONG,92640.01,92522.22997999999,16.356664516186854,-12.713731356462503,-20.713731356462503,7.286268643537496,-14.393349050803915,1,TRAILING_STOP,False,2025Q4
2025-12-10 18:15:00,2025-12-10 18:45:00,LONG,92000.0,91896.32,18.51497822720843,-11.269565217390545,-19.269565217390543,8.730434782609455,-27.17391304347826,2,TRAILING_STOP,False,2025Q4
2025-12-16 05:45:00,2025-12-16 08:15:00,SHORT,86977.1,86443.02,82.00458414029615,61.40466858517951,53.40466858517951,65.19992043882942,-93.10266725379424,10,TIME_EXIT,True,2025Q4
2025-12-24 07:30:00,2025-12-24 08:30:00,SHORT,87428.5,87300.7255,80.27740050211983,14.61474233230556,6.6147423323055605,44.61474233230556,-2.2864397765036846,4,TRAILING_STOP,True,2025Q4
2025-12-26 15:00:00,2025-12-26 17:30:00,SHORT,87612.72,87487.42,84.29231605654269,14.301576300793185,6.301576300793185,33.25087955265023,-20.542679190875017,10,TIME_EXIT,True,2025Q4
2025-12-29 04:15:00,2025-12-29 04:30:00,LONG,88232.84,88093.55432,11.430893884860907,-15.786149465436274,-23.786149465436274,4.213850534563726,-34.710432079483645,1,TRAILING_STOP,False,2025Q4
