config,gate,signal,dataset,trades,long,short,win_pct,total_bps,pf,long_bps,short_bps,avg_bps,max_dd
NO_GATE__RSI7_20_80,NO_GATE,RSI7_20_80,TRAIN,9330,4675,4655,62.01500535905681,117943.91761704221,1.6890095118371218,70383.25555424934,47560.662062792886,12.641363088643324,-4759.496433862054
NO_GATE__RSI7_25_75,NO_GATE,RSI7_25_75,TRAIN,13199,6592,6607,60.73944995833017,165887.51831789114,1.7311384164745904,95633.64918801206,70253.8691298791,12.568188371686578,-4594.366912915462
NO_GATE__RSI7_30_70,NO_GATE,RSI7_30_70,TRAIN,16651,8323,8328,60.30869016875864,206757.97842289027,1.7495541461987285,114546.16759831275,92211.81082457751,12.417150827150937,-4704.17953963292
NO_GATE__RSI7_35_65,NO_GATE,RSI7_35_65,TRAIN,19419,9673,9746,59.637468458726,231610.24584567075,1.7207553325695428,126741.47671070043,104868.76913497032,11.926991392227754,-4326.667807056941
NO_GATE__EMA9D_-0.3_0.3,NO_GATE,EMA9D_-0.3_0.3,TRAIN,13266,6618,6648,63.59113523292628,208827.4176499289,1.808945131874427,119992.16347051547,88835.2541794134,15.741551157087962,-3822.894283111211
NO_GATE__EMA9D_-0.2_0.2,NO_GATE,EMA9D_-0.2_0.2,TRAIN,17078,8429,8649,61.69340672209861,236803.1970662187,1.7718549084985686,132645.1248378816,104158.07222833714,13.865979451119493,-3610.253721248827
NO_GATE__EMA9D_-0.5_0.5,NO_GATE,EMA9D_-0.5_0.5,TRAIN,7954,4039,3915,67.06059844103595,158676.610567684,1.8983808013849175,99388.31838715043,59288.292180533565,19.94928470803168,-4359.1828569689005
NO_GATE__ROC5_-0.3_0.3,NO_GATE,ROC5_-0.3_0.3,TRAIN,18076,8845,9231,60.64947997344545,232393.97946514247,1.7147212684597664,122955.89722983369,109438.0822353088,12.856493663705603,-1993.4981606257525
NO_GATE__ROC5_-0.5_0.5,NO_GATE,ROC5_-0.5_0.5,TRAIN,13537,6686,6851,63.042032946738566,209340.948067787,1.8051415260019312,115679.53901623715,93661.40905154982,15.464353111308782,-1996.3923129349914
NO_GATE__RPOS_0.2_0.8,NO_GATE,RPOS_0.2_0.8,TRAIN,19367,9095,10272,56.96803841586203,231444.16234422062,1.7269500787332681,118045.79369069864,113398.36865352196,11.950439528281128,-3445.8614342273913
NO_GATE__RPOS_0.3_0.7,NO_GATE,RPOS_0.3_0.7,TRAIN,21852,10501,11351,57.05656232839099,259815.49028293783,1.7097058773843496,132672.57428752712,127142.9159954107,11.889780811044199,-4236.445841302509
ACTIVE_TREND__RSI7_20_80,ACTIVE_TREND,RSI7_20_80,TRAIN,3844,1976,1868,68.34027055150884,90458.63385530659,2.092060273183325,56238.99113432512,34219.64272098147,23.532422959236886,-4759.496433862054
ACTIVE_TREND__RSI7_25_75,ACTIVE_TREND,RSI7_25_75,TRAIN,5485,2785,2700,67.89425706472197,124623.32582463438,2.1325651465718063,74838.55293245419,49784.77289218018,22.720752201391864,-4264.8801433413555
ACTIVE_TREND__RSI7_30_70,ACTIVE_TREND,RSI7_30_70,TRAIN,6888,3446,3442,66.57955865272939,147546.2060318645,2.075165910970772,84028.61157147714,63517.59446038737,21.42076161902795,-4704.17953963292
ACTIVE_TREND__RSI7_35_65,ACTIVE_TREND,RSI7_35_65,TRAIN,8155,4049,4106,65.67749846719803,169502.99448441184,2.0629847527362157,94878.97757722414,74624.0169071877,20.785161800663623,-4326.667807056942
ACTIVE_TREND__EMA9D_-0.3_0.3,ACTIVE_TREND,EMA9D_-0.3_0.3,TRAIN,7703,3872,3831,67.06477995586135,174094.79236999925,2.1229605872142727,102946.84683000571,71147.94553999355,22.6009077463325,-3822.894283111211
ACTIVE_TREND__EMA9D_-0.2_0.2,ACTIVE_TREND,EMA9D_-0.2_0.2,TRAIN,8854,4411,4443,65.60876440027107,186557.41553540475,2.082301471296809,109659.19792960386,76898.21760580089,21.070410609374832,-3610.253721248827
ACTIVE_TREND__EMA9D_-0.5_0.5,ACTIVE_TREND,EMA9D_-0.5_0.5,TRAIN,5326,2696,2630,69.80848666917011,139678.14711938045,2.1795598229050346,83922.86066817469,55755.28645120575,26.225712940176578,-4359.1828569689005
ACTIVE_TREND__ROC5_-0.3_0.3,ACTIVE_TREND,ROC5_-0.3_0.3,TRAIN,9029,4489,4540,64.82445453538598,174983.259158913,1.9698191540717596,93402.81118266765,81580.44797624537,19.380137242099124,-1993.4981606257525
ACTIVE_TREND__ROC5_-0.5_0.5,ACTIVE_TREND,ROC5_-0.5_0.5,TRAIN,7843,3899,3944,66.54341450975392,169453.5395956527,2.07681020120461,91210.47454964377,78243.06504600891,21.60570439827269,-1996.3923129349914
ACTIVE_TREND__RPOS_0.2_0.8,ACTIVE_TREND,RPOS_0.2_0.8,TRAIN,7956,3727,4229,62.66968325791855,160027.91597498063,2.0128918413336687,85564.51113409,74463.40484089064,20.1141171411489,-3445.8614342273913
ACTIVE_TREND__RPOS_0.3_0.7,ACTIVE_TREND,RPOS_0.3_0.7,TRAIN,9209,4478,4731,63.26419806710827,190150.82612859074,2.033971872011381,102072.34076639009,88078.48536220065,20.64836856646658,-4236.4458413025095
ACTIVE_ANY__RSI7_20_80,ACTIVE_ANY,RSI7_20_80,TRAIN,5682,2970,2712,65.89229144667371,102791.99191936116,1.8260967362731508,64639.51469149223,38152.47722786891,18.090811671834064,-4759.496433862054
ACTIVE_ANY__RSI7_25_75,ACTIVE_ANY,RSI7_25_75,TRAIN,7939,4082,3857,65.44904899861443,142431.60096714552,1.8766687346976971,87009.77697426786,55421.82399287766,17.940748326885693,-4348.286688378996
ACTIVE_ANY__RSI7_30_70,ACTIVE_ANY,RSI7_30_70,TRAIN,9919,5045,4874,64.58312329871963,172685.81799470482,1.8706950005216043,96836.04196917325,75849.77602553155,17.409599555873054,-4704.17953963292
ACTIVE_ANY__RSI7_35_65,ACTIVE_ANY,RSI7_35_65,TRAIN,11698,5866,5832,63.62626089929903,195152.13623881002,1.8477000694254053,107276.72844629356,87875.40779251646,16.682521477073863,-4326.667807056942
ACTIVE_ANY__EMA9D_-0.3_0.3,ACTIVE_ANY,EMA9D_-0.3_0.3,TRAIN,10768,5466,5302,65.0538632986627,195365.56458669918,1.8802536313752494,113103.63112454649,82261.93346215272,18.143161644381426,-3822.894283111211
ACTIVE_ANY__EMA9D_-0.2_0.2,ACTIVE_ANY,EMA9D_-0.2_0.2,TRAIN,12511,6303,6208,63.77587722803932,213864.88395589916,1.867946214970896,122199.59848254494,91665.28547335425,17.094147866349545,-3610.253721248828
ACTIVE_ANY__EMA9D_-0.5_0.5,ACTIVE_ANY,EMA9D_-0.5_0.5,TRAIN,7348,3790,3558,67.61023407729995,154810.34767325938,1.932749017717981,96766.82085913132,58043.52681412806,21.068365224994473,-4359.1828569689005
ACTIVE_ANY__ROC5_-0.3_0.3,ACTIVE_ANY,ROC5_-0.3_0.3,TRAIN,12808,6397,6411,63.24172392254841,205583.65909434264,1.7992291335451829,109296.4023042353,96287.25679010735,16.051191372137932,-1993.4981606257525
ACTIVE_ANY__ROC5_-0.5_0.5,ACTIVE_ANY,ROC5_-0.5_0.5,TRAIN,10978,5507,5471,64.56549462561486,192485.75102752325,1.8557040008694117,104984.8615074656,87500.88952005765,17.533772183232216,-1996.3923129349914
ACTIVE_ANY__RPOS_0.2_0.8,ACTIVE_ANY,RPOS_0.2_0.8,TRAIN,11374,5323,6051,61.34165640935467,196972.2370568806,1.8881155416038629,103316.11781552457,93656.11924135605,17.317763061093775,-3445.8614342273913
ACTIVE_ANY__RPOS_0.3_0.7,ACTIVE_ANY,RPOS_0.3_0.7,TRAIN,13109,6338,6771,61.50736135479442,224021.43116868153,1.8520712020469616,119624.82936858796,104396.60180009356,17.089131983269628,-4236.445841302509
ATR_Q50__RSI7_20_80,ATR_Q50,RSI7_20_80,TRAIN,5682,2970,2712,65.89229144667371,102791.99191936116,1.8260967362731508,64639.51469149223,38152.47722786891,18.090811671834064,-4759.496433862054
ATR_Q50__RSI7_25_75,ATR_Q50,RSI7_25_75,TRAIN,7939,4082,3857,65.44904899861443,142431.60096714552,1.8766687346976971,87009.77697426786,55421.82399287766,17.940748326885693,-4348.286688378996
ATR_Q50__RSI7_30_70,ATR_Q50,RSI7_30_70,TRAIN,9919,5045,4874,64.58312329871963,172685.81799470482,1.8706950005216043,96836.04196917325,75849.77602553155,17.409599555873054,-4704.17953963292
ATR_Q50__RSI7_35_65,ATR_Q50,RSI7_35_65,TRAIN,11698,5866,5832,63.62626089929903,195152.13623881002,1.8477000694254053,107276.72844629356,87875.40779251646,16.682521477073863,-4326.667807056942
ATR_Q50__EMA9D_-0.3_0.3,ATR_Q50,EMA9D_-0.3_0.3,TRAIN,10768,5466,5302,65.0538632986627,195365.56458669918,1.8802536313752494,113103.63112454649,82261.93346215272,18.143161644381426,-3822.894283111211
ATR_Q50__EMA9D_-0.2_0.2,ATR_Q50,EMA9D_-0.2_0.2,TRAIN,12511,6303,6208,63.77587722803932,213864.88395589916,1.867946214970896,122199.59848254494,91665.28547335425,17.094147866349545,-3610.253721248828
ATR_Q50__EMA9D_-0.5_0.5,ATR_Q50,EMA9D_-0.5_0.5,TRAIN,7348,3790,3558,67.61023407729995,154810.34767325938,1.932749017717981,96766.82085913132,58043.52681412806,21.068365224994473,-4359.1828569689005
ATR_Q50__ROC5_-0.3_0.3,ATR_Q50,ROC5_-0.3_0.3,TRAIN,12808,6397,6411,63.24172392254841,205583.65909434264,1.7992291335451829,109296.4023042353,96287.25679010735,16.051191372137932,-1993.4981606257525
ATR_Q50__ROC5_-0.5_0.5,ATR_Q50,ROC5_-0.5_0.5,TRAIN,10978,5507,5471,64.56549462561486,192485.75102752325,1.8557040008694117,104984.8615074656,87500.88952005765,17.533772183232216,-1996.3923129349914
ATR_Q50__RPOS_0.2_0.8,ATR_Q50,RPOS_0.2_0.8,TRAIN,11374,5323,6051,61.34165640935467,196972.2370568806,1.8881155416038629,103316.11781552457,93656.11924135605,17.317763061093775,-3445.8614342273913
ATR_Q50__RPOS_0.3_0.7,ATR_Q50,RPOS_0.3_0.7,TRAIN,13109,6338,6771,61.50736135479442,224021.43116868153,1.8520712020469616,119624.82936858796,104396.60180009356,17.089131983269628,-4236.445841302509
ATR_Q75__RSI7_20_80,ATR_Q75,RSI7_20_80,TRAIN,3225,1757,1468,70.2015503875969,87017.00000934981,2.1554083931814563,56544.383625842616,30472.616383507197,26.982015506775134,-4759.496433862054
ATR_Q75__RSI7_25_75,ATR_Q75,RSI7_25_75,TRAIN,4414,2339,2075,69.75532396918894,118961.21516594285,2.2321129067617482,73999.093177628,44962.12198831484,26.950886988206353,-4264.8801433413555
ATR_Q75__RSI7_30_70,ATR_Q75,RSI7_30_70,TRAIN,5470,2862,2608,69.15904936014626,136373.436867628,2.123285866336034,80192.34162301266,56181.09524461535,24.931158476714444,-4704.17953963292
ATR_Q75__RSI7_35_65,ATR_Q75,RSI7_35_65,TRAIN,6388,3268,3120,68.59737006887914,159536.43995095973,2.157087243749316,89041.18482993275,70495.25512102697,24.974395734339343,-4326.6678070569415
ATR_Q75__EMA9D_-0.3_0.3,ATR_Q75,EMA9D_-0.3_0.3,TRAIN,6681,3443,3238,68.62745098039215,167087.51141307116,2.1227620525019,97229.88387388081,69857.62753919035,25.00935659528082,-3822.8942831112117
ATR_Q75__EMA9D_-0.2_0.2,ATR_Q75,EMA9D_-0.2_0.2,TRAIN,7296,3755,3541,67.98245614035088,177189.4485360008,2.1196663000865175,103321.50591173276,73867.942624268,24.285834503289582,-3610.253721248828
ATR_Q75__EMA9D_-0.5_0.5,ATR_Q75,EMA9D_-0.5_0.5,TRAIN,5236,2772,2464,70.41634835752483,142204.88519923587,2.1525367121531125,88584.33225337158,53620.5529458643,27.15906898381128,-4359.1828569689005
ATR_Q75__ROC5_-0.3_0.3,ATR_Q75,ROC5_-0.3_0.3,TRAIN,7397,3788,3609,67.5949709341625,177113.54630133256,2.10134732372,95394.13089914921,81719.41540218334,23.943970028570035,-2002.822298933108
ATR_Q75__ROC5_-0.5_0.5,ATR_Q75,ROC5_-0.5_0.5,TRAIN,6748,3446,3302,68.07943094250149,163207.04559007465,2.0909014935368764,89934.87230708513,73272.17328298952,24.185987787503652,-2007.119260545368
ATR_Q75__RPOS_0.2_0.8,ATR_Q75,RPOS_0.2_0.8,TRAIN,6148,2892,3256,66.49316851008457,150140.93388913124,2.0805956273078894,82116.85559057942,68024.07829855183,24.42110180369734,-3445.8614342273927
ATR_Q75__RPOS_0.3_0.7,ATR_Q75,RPOS_0.3_0.7,TRAIN,7191,3481,3710,66.41635377555278,179129.87351877644,2.0870164490613923,96543.79115283923,82586.0823659372,24.91028695852822,-4236.4458413025095
ATR_Q50+EMA_Q50__RSI7_20_80,ATR_Q50+EMA_Q50,RSI7_20_80,TRAIN,3844,1976,1868,68.34027055150884,90458.63385530659,2.092060273183325,56238.99113432512,34219.64272098147,23.532422959236886,-4759.496433862054
ATR_Q50+EMA_Q50__RSI7_25_75,ATR_Q50+EMA_Q50,RSI7_25_75,TRAIN,5485,2785,2700,67.89425706472197,124623.32582463438,2.1325651465718063,74838.55293245419,49784.77289218018,22.720752201391864,-4264.8801433413555
ATR_Q50+EMA_Q50__RSI7_30_70,ATR_Q50+EMA_Q50,RSI7_30_70,TRAIN,6888,3446,3442,66.57955865272939,147546.2060318645,2.075165910970772,84028.61157147714,63517.59446038737,21.42076161902795,-4704.17953963292
ATR_Q50+EMA_Q50__RSI7_35_65,ATR_Q50+EMA_Q50,RSI7_35_65,TRAIN,8155,4049,4106,65.67749846719803,169502.99448441184,2.0629847527362157,94878.97757722414,74624.0169071877,20.785161800663623,-4326.667807056942
ATR_Q50+EMA_Q50__EMA9D_-0.3_0.3,ATR_Q50+EMA_Q50,EMA9D_-0.3_0.3,TRAIN,7703,3872,3831,67.06477995586135,174094.79236999925,2.1229605872142727,102946.84683000571,71147.94553999355,22.6009077463325,-3822.894283111211
ATR_Q50+EMA_Q50__EMA9D_-0.2_0.2,ATR_Q50+EMA_Q50,EMA9D_-0.2_0.2,TRAIN,8854,4411,4443,65.60876440027107,186557.41553540475,2.082301471296809,109659.19792960386,76898.21760580089,21.070410609374832,-3610.253721248827
ATR_Q50+EMA_Q50__EMA9D_-0.5_0.5,ATR_Q50+EMA_Q50,EMA9D_-0.5_0.5,TRAIN,5326,2696,2630,69.80848666917011,139678.14711938045,2.1795598229050346,83922.86066817469,55755.28645120575,26.225712940176578,-4359.1828569689005
ATR_Q50+EMA_Q50__ROC5_-0.3_0.3,ATR_Q50+EMA_Q50,ROC5_-0.3_0.3,TRAIN,9029,4489,4540,64.82445453538598,174983.259158913,1.9698191540717596,93402.81118266765,81580.44797624537,19.380137242099124,-1993.4981606257525
ATR_Q50+EMA_Q50__ROC5_-0.5_0.5,ATR_Q50+EMA_Q50,ROC5_-0.5_0.5,TRAIN,7843,3899,3944,66.54341450975392,169453.5395956527,2.07681020120461,91210.47454964377,78243.06504600891,21.60570439827269,-1996.3923129349914
ATR_Q50+EMA_Q50__RPOS_0.2_0.8,ATR_Q50+EMA_Q50,RPOS_0.2_0.8,TRAIN,7956,3727,4229,62.66968325791855,160027.91597498063,2.0128918413336687,85564.51113409,74463.40484089064,20.1141171411489,-3445.8614342273913
ATR_Q50+EMA_Q50__RPOS_0.3_0.7,ATR_Q50+EMA_Q50,RPOS_0.3_0.7,TRAIN,9209,4478,4731,63.26419806710827,190150.82612859074,2.033971872011381,102072.34076639009,88078.48536220065,20.64836856646658,-4236.4458413025095
ATR_Q75+RANGE_Q50__RSI7_20_80,ATR_Q75+RANGE_Q50,RSI7_20_80,TRAIN,3215,1754,1461,70.2954898911353,87114.55809258111,2.159086155489637,56686.50401815307,30428.054074428022,27.096285565344047,-4759.496433862054
ATR_Q75+RANGE_Q50__RSI7_25_75,ATR_Q75+RANGE_Q50,RSI7_25_75,TRAIN,4384,2329,2055,69.9361313868613,118652.98635802319,2.2386040720052702,74034.20159912316,44618.78475890004,27.065006012322808,-4264.8801433413555
ATR_Q75+RANGE_Q50__RSI7_30_70,ATR_Q75+RANGE_Q50,RSI7_30_70,TRAIN,5439,2851,2588,69.31421217135502,136860.5424020999,2.133899495803756,80884.37383345279,55976.16856864713,25.1628134587424,-4704.17953963292
ATR_Q75+RANGE_Q50__RSI7_35_65,ATR_Q75+RANGE_Q50,RSI7_35_65,TRAIN,6338,3255,3083,68.66519406752919,159548.3748975146,2.162312557166332,89441.81120547147,70106.56369204311,25.173299920718616,-4326.6678070569415
ATR_Q75+RANGE_Q50__EMA9D_-0.3_0.3,ATR_Q75+RANGE_Q50,EMA9D_-0.3_0.3,TRAIN,6642,3427,3215,68.69918699186992,166877.10191175187,2.1250386398846106,97199.66982149336,69677.43209025852,25.124526033085196,-3822.8942831112117
ATR_Q75+RANGE_Q50__EMA9D_-0.2_0.2,ATR_Q75+RANGE_Q50,EMA9D_-0.2_0.2,TRAIN,7240,3733,3507,68.10773480662984,175764.62458129687,2.1130410012869043,102948.16441654279,72816.46016475405,24.276881848245424,-3610.253721248828
ATR_Q75+RANGE_Q50__EMA9D_-0.5_0.5,ATR_Q75+RANGE_Q50,EMA9D_-0.5_0.5,TRAIN,5217,2766,2451,70.48111941728963,141942.34201555204,2.154775448377456,88725.6952673055,53216.64674824653,27.207656127190347,-4359.1828569689005
ATR_Q75+RANGE_Q50__ROC5_-0.3_0.3,ATR_Q75+RANGE_Q50,ROC5_-0.3_0.3,TRAIN,7307,3751,3556,67.71588887368277,176923.872002448,2.1106676505845803,96099.55283703665,80824.31916541135,24.212928972553442,-1991.8456235907015
ATR_Q75+RANGE_Q50__ROC5_-0.5_0.5,ATR_Q75+RANGE_Q50,ROC5_-0.5_0.5,TRAIN,6659,3414,3245,68.19342243580118,162630.93205757596,2.0998909083861337,90173.62317492132,72457.30888265463,24.422725943471388,-2023.4216972284103
ATR_Q75+RANGE_Q50__RPOS_0.2_0.8,ATR_Q75+RANGE_Q50,RPOS_0.2_0.8,TRAIN,6044,2843,3201,66.47915287888814,147915.01798659825,2.068479634377239,81322.98271167112,66592.03527492711,24.47303408117112,-3709.681267918347
ATR_Q75+RANGE_Q50__RPOS_0.3_0.7,ATR_Q75+RANGE_Q50,RPOS_0.3_0.7,TRAIN,7092,3435,3657,66.45516074450084,179680.08553788118,2.112602530522901,96946.41879197976,82733.66674590143,25.335601457682063,-4236.4458413025095
NO_GATE__RSI7_20_80,NO_GATE,RSI7_20_80,OOS,4629,2294,2335,56.621300496867576,29952.458365815568,1.4102586830268948,16763.27769826995,13189.180667545614,6.470611010113538,-1566.4549104514626
NO_GATE__RSI7_25_75,NO_GATE,RSI7_25_75,OOS,6349,3134,3215,55.94581823909277,42105.53856280574,1.4319371091954314,24355.556973670828,17749.981589134914,6.631837858372301,-1601.3276906739047
NO_GATE__RSI7_30_70,NO_GATE,RSI7_30_70,OOS,7847,3880,3967,54.87447432139672,46027.95489254259,1.381704399835478,25866.748995929785,20161.205896612802,5.865675403662877,-1712.191603048108
NO_GATE__RSI7_35_65,NO_GATE,RSI7_35_65,OOS,9012,4440,4572,54.30537061695517,50371.78876170346,1.357114467023745,25942.380954419372,24429.40780728409,5.5894128674770815,-2141.273612991179
NO_GATE__EMA9D_-0.3_0.3,NO_GATE,EMA9D_-0.3_0.3,OOS,5136,2531,2605,58.91744548286605,43134.194109051576,1.4674359099985899,23680.947459128092,19453.246649923487,8.398402279799761,-1367.0170880005444
NO_GATE__EMA9D_-0.2_0.2,NO_GATE,EMA9D_-0.2_0.2,OOS,7349,3595,3754,55.81711797523473,51664.47523064498,1.4189110829874771,25261.698736232494,26402.776494412486,7.030136784684308,-1485.574993709215
NO_GATE__EMA9D_-0.5_0.5,NO_GATE,EMA9D_-0.5_0.5,OOS,2535,1316,1219,60.78895463510848,27701.143908440215,1.4996334400826747,17653.385159735677,10047.758748704538,10.927472942185489,-1548.1482082401199
NO_GATE__ROC5_-0.3_0.3,NO_GATE,ROC5_-0.3_0.3,OOS,7800,3762,4038,55.65384615384615,57441.43736603508,1.45246771086439,28248.846779569234,29192.59058646585,7.36428684179937,-1686.3160061950912
NO_GATE__ROC5_-0.5_0.5,NO_GATE,ROC5_-0.5_0.5,OOS,5259,2524,2735,57.2352158204982,47120.49401731482,1.5212550152792794,25280.120623535717,21840.37339377911,8.959972241360491,-1619.3046278413167
NO_GATE__RPOS_0.2_0.8,NO_GATE,RPOS_0.2_0.8,OOS,9310,4458,4852,53.03974221267455,57064.82595057279,1.4059334406205863,29208.680814788913,27856.145135783874,6.129412024766143,-1590.8149986070014
NO_GATE__RPOS_0.3_0.7,NO_GATE,RPOS_0.3_0.7,OOS,10061,4821,5240,53.57320345890071,63444.349454033465,1.4147853232727852,31053.34982098103,32390.999633052434,6.3059685373256595,-1286.6735366565845
ACTIVE_TREND__RSI7_20_80,ACTIVE_TREND,RSI7_20_80,OOS,1056,554,502,64.10984848484848,14546.247970298959,1.6664206355510092,10470.340463852583,4075.907506446376,13.774856032480074,-1003.5784137617338
ACTIVE_TREND__RSI7_25_75,ACTIVE_TREND,RSI7_25_75,OOS,1418,726,692,62.83497884344147,20451.219681706192,1.7218988166457658,13976.5829633504,6474.636718355792,14.422580875674324,-1026.6961164133609
ACTIVE_TREND__RSI7_30_70,ACTIVE_TREND,RSI7_30_70,OOS,1734,871,863,61.418685121107266,21524.26128911011,1.5904230891922626,15248.71045632055,6275.550832789557,12.413068794181147,-2335.02106402775
ACTIVE_TREND__RSI7_35_65,ACTIVE_TREND,RSI7_35_65,OOS,2038,1013,1025,60.79489695780177,26116.64899164906,1.6131359305299922,14959.412854044533,11157.23613760453,12.814842488542228,-1668.0023801186035
ACTIVE_TREND__EMA9D_-0.3_0.3,ACTIVE_TREND,EMA9D_-0.3_0.3,OOS,1900,945,955,61.578947368421055,24562.37749713965,1.6008664268012505,14494.569412691513,10067.808084448134,12.92756710375771,-2400.1353945664105
ACTIVE_TREND__EMA9D_-0.2_0.2,ACTIVE_TREND,EMA9D_-0.2_0.2,OOS,2174,1061,1113,60.11959521619136,26663.868367286712,1.5853505824414675,13696.234160644284,12967.63420664243,12.264888853397752,-2560.092195616364
ACTIVE_TREND__EMA9D_-0.5_0.5,ACTIVE_TREND,EMA9D_-0.5_0.5,OOS,1272,672,600,63.20754716981132,20904.850555560133,1.7331764710512068,15098.197781217325,5806.65277434281,16.434630939905766,-1743.3657084113984
ACTIVE_TREND__ROC5_-0.3_0.3,ACTIVE_TREND,ROC5_-0.3_0.3,OOS,2279,1139,1140,60.81614743308469,34519.77964906859,1.781163257214524,19940.093038185205,14579.686610883391,15.14689760819157,-1858.8928117375162
ACTIVE_TREND__ROC5_-0.5_0.5,ACTIVE_TREND,ROC5_-0.5_0.5,OOS,1925,954,971,61.038961038961034,29466.59129518268,1.759150170561477,17132.45329960851,12334.13799557417,15.307320153341651,-1688.1102752231764
ACTIVE_TREND__RPOS_0.2_0.8,ACTIVE_TREND,RPOS_0.2_0.8,OOS,2095,1025,1070,59.52267303102625,26745.168020738565,1.6773752944257387,14574.43274004256,12170.735280696008,12.766189986032728,-1118.8627921176594
ACTIVE_TREND__RPOS_0.3_0.7,ACTIVE_TREND,RPOS_0.3_0.7,OOS,2323,1178,1145,59.79337064141197,29979.270923894357,1.6711415903977986,18956.83846925928,11022.432454635078,12.905411504044062,-926.5796369148111
ACTIVE_ANY__RSI7_20_80,ACTIVE_ANY,RSI7_20_80,OOS,1685,899,786,63.32344213649852,18700.99214006268,1.5140633382550615,13494.886654242056,5206.105485820625,11.098511655823549,-1149.674617986877
ACTIVE_ANY__RSI7_25_75,ACTIVE_ANY,RSI7_25_75,OOS,2246,1177,1069,62.06589492430988,26284.782215665236,1.5776725821724122,17817.84243103403,8466.939784631208,11.70293063920981,-1372.2668414378313
ACTIVE_ANY__RSI7_30_70,ACTIVE_ANY,RSI7_30_70,OOS,2764,1423,1341,60.85383502170767,29392.79718910054,1.5155649951071772,19056.40831058399,10336.388878516555,10.63415238390034,-1970.0232359153943
ACTIVE_ANY__RSI7_35_65,ACTIVE_ANY,RSI7_35_65,OOS,3232,1631,1601,60.581683168316836,35353.876292414054,1.532206499700745,20119.475352770976,15234.400939643074,10.938699347900387,-1396.9059547987054
ACTIVE_ANY__EMA9D_-0.3_0.3,ACTIVE_ANY,EMA9D_-0.3_0.3,OOS,2979,1533,1446,61.56428331654917,32700.11991925381,1.5239230935348012,19052.90221063786,13647.217708615946,10.976878119924072,-1413.3319456291065
ACTIVE_ANY__EMA9D_-0.2_0.2,ACTIVE_ANY,EMA9D_-0.2_0.2,OOS,3416,1720,1696,60.2751756440281,36147.85500803728,1.5074304289450737,18777.948085540927,17369.906922496357,10.581924768160796,-1918.9853237420793
ACTIVE_ANY__EMA9D_-0.5_0.5,ACTIVE_ANY,EMA9D_-0.5_0.5,OOS,1982,1066,916,62.058526740666,24510.375971725545,1.5293415384206277,16896.224946862938,7614.151024862607,12.366486363130951,-1533.3437064492937
ACTIVE_ANY__ROC5_-0.3_0.3,ACTIVE_ANY,ROC5_-0.3_0.3,OOS,3594,1791,1803,59.9053978853645,43255.70002169479,1.6143684042171984,23639.896346320827,19615.80367537396,12.035531447327433,-1801.7505183125522
ACTIVE_ANY__ROC5_-0.5_0.5,ACTIVE_ANY,ROC5_-0.5_0.5,OOS,3058,1536,1522,60.5624591236102,37450.94141059938,1.6087116140708728,21465.64446348035,15985.29694711903,12.246874234989987,-1988.8856088551656
ACTIVE_ANY__RPOS_0.2_0.8,ACTIVE_ANY,RPOS_0.2_0.8,OOS,3323,1606,1717,58.62172735479988,36518.97310033151,1.5655505404144723,17943.880576158204,18575.092524173306,10.989760186678156,-1174.210643225655
ACTIVE_ANY__RPOS_0.3_0.7,ACTIVE_ANY,RPOS_0.3_0.7,OOS,3678,1828,1850,58.97226753670473,41761.732050700695,1.5868096426612317,23308.662662010334,18453.06938869036,11.354467659244344,-1069.947684133736
ATR_Q50__RSI7_20_80,ATR_Q50,RSI7_20_80,OOS,2750,1396,1354,60.87272727272727,26454.646978679564,1.5161652383219524,15341.888960859744,11112.75801781982,9.61987162861075,-847.0072323758995
ATR_Q50__RSI7_25_75,ATR_Q50,RSI7_25_75,OOS,3741,1887,1854,59.79684576316493,37488.4791962616,1.5632092126984138,22483.97362484983,15004.505571411766,10.020978133189415,-1625.9425262237019
ATR_Q50__RSI7_30_70,ATR_Q50,RSI7_30_70,OOS,4625,2333,2292,58.118918918918915,39687.46069409931,1.4767528139638721,23983.973525181907,15703.487168917414,8.581072582507959,-1555.9970205748796
ATR_Q50__RSI7_35_65,ATR_Q50,RSI7_35_65,OOS,5415,2684,2731,57.50692520775623,45700.2152213734,1.4662014106575827,25448.713394714076,20251.501826659318,8.439559597668218,-1177.934711009555
ATR_Q50__EMA9D_-0.3_0.3,ATR_Q50,EMA9D_-0.3_0.3,OOS,4267,2143,2124,59.78439184438715,40989.409125500526,1.505983788338806,22771.074546340893,18218.334579159633,9.606142283923255,-1269.5183104993794
ATR_Q50__EMA9D_-0.2_0.2,ATR_Q50,EMA9D_-0.2_0.2,OOS,5375,2666,2709,57.91627906976744,46130.09632499603,1.4638700618770923,24554.295585598556,21575.800739397477,8.582343502324843,-1786.8218277123997
ATR_Q50__EMA9D_-0.5_0.5,ATR_Q50,EMA9D_-0.5_0.5,OOS,2429,1274,1155,61.21860848085632,27909.512038789726,1.521854112255848,18242.664857470263,9666.847181319465,11.490124346969834,-1548.1482082401199
ATR_Q50__ROC5_-0.3_0.3,ATR_Q50,ROC5_-0.3_0.3,OOS,5543,2708,2835,57.802633952733174,52961.45681761636,1.5353732185392073,27148.071091887607,25813.385725728745,9.554655749164056,-1667.3321862810335
ATR_Q50__ROC5_-0.5_0.5,ATR_Q50,ROC5_-0.5_0.5,OOS,4397,2152,2245,58.81282692745054,45264.9277748944,1.5690855251882434,25290.40935268194,19974.51842221246,10.294502564224334,-1529.8388272926932
ATR_Q50__RPOS_0.2_0.8,ATR_Q50,RPOS_0.2_0.8,OOS,5507,2593,2914,57.05465770837116,52339.99290678842,1.5591286762175298,26279.01935011843,26060.973556669996,9.504266008132998,-1199.2637421134423
ATR_Q50__RPOS_0.3_0.7,ATR_Q50,RPOS_0.3_0.7,OOS,6062,2915,3147,56.49950511382382,56517.98544530023,1.5377291151247023,29817.164087703008,26700.82135759722,9.323323234130688,-1127.1091755401822
ATR_Q75__RSI7_20_80,ATR_Q75,RSI7_20_80,OOS,1547,831,716,63.08985132514544,17765.08207519518,1.5305973267490072,13203.176002521956,4561.906072673224,11.483569537941293,-1149.674617986877
ATR_Q75__RSI7_25_75,ATR_Q75,RSI7_25_75,OOS,2061,1092,969,62.63949539058709,26664.317119928688,1.6417705999650596,18570.667692142757,8093.64942778593,12.937562891765497,-1072.2099783879548
ATR_Q75__RSI7_30_70,ATR_Q75,RSI7_30_70,OOS,2537,1303,1234,61.41111549073709,27884.484203073043,1.5224040608346479,18585.395107983106,9299.089095089941,10.991125030773766,-1691.7198846178944
ATR_Q75__RSI7_35_65,ATR_Q75,RSI7_35_65,OOS,2981,1495,1486,60.91915464609191,34517.05960336713,1.5682442139758315,19732.648173417867,14784.411429949272,11.579020329878272,-1282.4674159502647
ATR_Q75__EMA9D_-0.3_0.3,ATR_Q75,EMA9D_-0.3_0.3,OOS,2800,1441,1359,62.142857142857146,33118.02171608508,1.5710132711377773,19929.27829785314,13188.743418231938,11.827864898601815,-1230.8632432375034
ATR_Q75__EMA9D_-0.2_0.2,ATR_Q75,EMA9D_-0.2_0.2,OOS,3184,1593,1591,60.30150753768844,34952.66883240006,1.526919173668166,18466.704501540356,16485.964330859704,10.977596995100521,-1719.9723463414848
ATR_Q75__EMA9D_-0.5_0.5,ATR_Q75,EMA9D_-0.5_0.5,OOS,1886,1011,875,61.717921527041355,23321.176784565054,1.5204419791153883,16003.91286075901,7317.263923806044,12.365417171031313,-1533.3437064492937
ATR_Q75__ROC5_-0.3_0.3,ATR_Q75,ROC5_-0.3_0.3,OOS,3306,1665,1641,60.98003629764065,43506.86901140332,1.6801365955446472,24233.5202446476,19273.348766755724,13.159972477738453,-1502.3394881665026
ATR_Q75__ROC5_-0.5_0.5,ATR_Q75,ROC5_-0.5_0.5,OOS,2851,1429,1422,61.101367941073306,36810.8455775895,1.636642880088311,21010.275100872266,15800.57047671723,12.911555797120133,-1525.4878822940664
ATR_Q75__RPOS_0.2_0.8,ATR_Q75,RPOS_0.2_0.8,OOS,3043,1454,1589,59.51363785737759,37696.66247936401,1.6467984494571666,17892.512780185956,19804.14969917805,12.387992927822546,-1405.683527626763
ATR_Q75__RPOS_0.3_0.7,ATR_Q75,RPOS_0.3_0.7,OOS,3385,1644,1741,59.37961595273264,40520.342065882935,1.6118127269466613,21334.373823154263,19185.968242728675,11.970558955947691,-1069.9476841337364
ATR_Q50+EMA_Q50__RSI7_20_80,ATR_Q50+EMA_Q50,RSI7_20_80,OOS,1744,866,878,61.98394495412845,18220.24763278976,1.5703470684538903,12616.415065113055,5603.832567676705,10.447389697700551,-1108.7093795683722
ATR_Q50+EMA_Q50__RSI7_25_75,ATR_Q50+EMA_Q50,RSI7_25_75,OOS,2402,1182,1220,61.240632805995,27999.36566820117,1.667365296705514,18015.010727418845,9984.354940782327,11.6566884547049,-1626.5753609631101
ATR_Q50+EMA_Q50__RSI7_30_70,ATR_Q50+EMA_Q50,RSI7_30_70,OOS,2992,1476,1516,59.42513368983957,29943.318077475404,1.5643119342100058,19614.52886492169,10328.789212553716,10.007793475092047,-1555.9970205748796
ATR_Q50+EMA_Q50__RSI7_35_65,ATR_Q50+EMA_Q50,RSI7_35_65,OOS,3540,1748,1792,59.43502824858757,38022.81038340928,1.6135978234884656,22462.822165814832,15559.988217594457,10.740906887968723,-1146.218188478353
ATR_Q50+EMA_Q50__EMA9D_-0.3_0.3,ATR_Q50+EMA_Q50,EMA9D_-0.3_0.3,OOS,2816,1371,1445,60.83096590909091,31813.060868793582,1.6002953945101468,18123.23156897808,13689.829299815503,11.297251728974993,-1276.4125950479793
ATR_Q50+EMA_Q50__EMA9D_-0.2_0.2,ATR_Q50+EMA_Q50,EMA9D_-0.2_0.2,OOS,3527,1704,1823,59.2571590586901,36881.94924523546,1.5671602044179616,19740.235728582204,17141.71351665326,10.457031257509346,-1718.8638682559958
ATR_Q50+EMA_Q50__EMA9D_-0.5_0.5,ATR_Q50+EMA_Q50,EMA9D_-0.5_0.5,OOS,1616,813,803,62.066831683168324,22153.700220898005,1.630974442658165,14467.99680075147,7685.703420146532,13.708972908971537,-1427.55392208589
ATR_Q50+EMA_Q50__ROC5_-0.3_0.3,ATR_Q50+EMA_Q50,ROC5_-0.3_0.3,OOS,3649,1786,1863,59.44094272403399,42940.676598861086,1.6822209886298982,23962.14869578463,18978.527903076458,11.767792984067166,-1453.6852083158483
ATR_Q50+EMA_Q50__ROC5_-0.5_0.5,ATR_Q50+EMA_Q50,ROC5_-0.5_0.5,OOS,2871,1383,1488,59.735283873214904,34560.276734546394,1.661746744781293,19692.58591822503,14867.690816321363,12.037713944460604,-1342.6610970383808
ATR_Q50+EMA_Q50__RPOS_0.2_0.8,ATR_Q50+EMA_Q50,RPOS_0.2_0.8,OOS,3600,1725,1875,58.19444444444445,41018.07418514856,1.6995906541804662,22256.606258866268,18761.46792628229,11.393909495874599,-1199.2637421134386
ATR_Q50+EMA_Q50__RPOS_0.3_0.7,ATR_Q50+EMA_Q50,RPOS_0.3_0.7,OOS,3974,1935,2039,57.92652239557121,43843.44117260569,1.6698898096684338,24180.013727606347,19663.427444999354,11.032572011224381,-1165.831870190631
ATR_Q75+RANGE_Q50__RSI7_20_80,ATR_Q75+RANGE_Q50,RSI7_20_80,OOS,1543,830,713,63.12378483473753,17963.100377332965,1.5384962757853795,13262.82660862236,4700.2737687106055,11.641672311946186,-1149.674617986877
ATR_Q75+RANGE_Q50__RSI7_25_75,ATR_Q75+RANGE_Q50,RSI7_25_75,OOS,2045,1086,959,62.68948655256724,26448.975658882384,1.6400385056782654,18340.132830220224,8108.84282866216,12.933484429771337,-1072.2099783879548
ATR_Q75+RANGE_Q50__RSI7_30_70,ATR_Q75+RANGE_Q50,RSI7_30_70,OOS,2507,1294,1213,61.587554846429995,27809.56461447551,1.5259711355790746,18730.71553580372,9078.849078671785,11.09276610070822,-1681.7943860874511
ATR_Q75+RANGE_Q50__RSI7_35_65,ATR_Q75+RANGE_Q50,RSI7_35_65,OOS,2942,1482,1460,60.77498300475867,34885.72101185709,1.5841515870339284,19961.983196131696,14923.737815725395,11.857824953044558,-1197.075640952884
ATR_Q75+RANGE_Q50__EMA9D_-0.3_0.3,ATR_Q75+RANGE_Q50,EMA9D_-0.3_0.3,OOS,2779,1433,1346,62.14465635120548,32988.414883097415,1.5712747827434894,19765.881048080722,13222.53383501669,11.870606291146965,-1238.7121577375528
ATR_Q75+RANGE_Q50__EMA9D_-0.2_0.2,ATR_Q75+RANGE_Q50,EMA9D_-0.2_0.2,OOS,3144,1576,1568,60.30534351145038,35268.78854585145,1.5402633031368762,18627.025722124177,16641.762823727273,11.217808061657585,-1696.2619437511057
ATR_Q75+RANGE_Q50__EMA9D_-0.5_0.5,ATR_Q75+RANGE_Q50,EMA9D_-0.5_0.5,OOS,1880,1009,871,61.808510638297875,23263.23693450919,1.519917031218915,15979.780018708372,7283.456915800818,12.374062199207016,-1533.3437064492937
ATR_Q75+RANGE_Q50__ROC5_-0.3_0.3,ATR_Q75+RANGE_Q50,ROC5_-0.3_0.3,OOS,3260,1652,1608,60.98159509202454,42626.22452843239,1.6747302423994912,24290.387670340584,18335.836858091803,13.075528996451652,-1549.1019035993922
ATR_Q75+RANGE_Q50__ROC5_-0.5_0.5,ATR_Q75+RANGE_Q50,ROC5_-0.5_0.5,OOS,2811,1421,1390,61.22376378512985,37826.351131431664,1.667202938744468,22024.667263345866,15801.683868085795,13.45654611577078,-1444.9763364549708
ATR_Q75+RANGE_Q50__RPOS_0.2_0.8,ATR_Q75+RANGE_Q50,RPOS_0.2_0.8,OOS,2978,1417,1561,60.10745466756212,39574.34430642564,1.6970293233150686,18746.32660961337,20828.01769681227,13.288900035737287,-1451.8352632564602
ATR_Q75+RANGE_Q50__RPOS_0.3_0.7,ATR_Q75+RANGE_Q50,RPOS_0.3_0.7,OOS,3323,1615,1708,59.434246163105634,40549.73631504481,1.6228654597812746,21891.55613402893,18658.180181015872,12.202749417708338,-1069.9476841337364
