signal_time,direction,signal_type,net_profit_bps,mfe_bps,mae_bps,exit_reason,exit_bar,is_winner,rsi,atr_percentile,ema_separation,bull_market,bear_market,price_vs_sma_pct,bar_range_avg_10,vol_ratio,recent_volatility,recent_trend_bps,hour_utc,day_of_week,signal_bar_range_bps
2024-01-08 18:30:00,SHORT,BULL_SHORT,-6.913703930578439,31.08629606942156,-70.59370669285698,TRAILING_STOP,1,False,93.28189617924838,99.5,1.2695932895996491,True,False,6.330706040051807,57.56845280225242,1.116601621703759,25.490303643491583,222.414378953371,18,0,213.70794050953364
2024-01-13 06:15:00,SHORT,V12_SHORT,-17.361504527513485,20.638495472486515,-18.57441374506617,TRAILING_STOP,1,False,83.77891484117984,8.0,3.594384747079163,False,True,-5.051730960718537,31.320437459721166,1.0802887932877003,12.500689573892565,102.32588921739735,6,5,35.451582203023015
2024-01-15 03:15:00,SHORT,V12_SHORT,11.887369286022,27.887369286022,-48.52895006929013,TIGHT_TS,6,True,81.01489275256718,75.5,1.3069716765829429,False,True,-0.3719435984226916,31.615389765786347,0.8135495129184356,17.355693608082387,36.95859128779192,3,0,55.15998578060642
2024-01-19 06:45:00,SHORT,V12_SHORT,63.731860989569185,79.73186098956918,-3.151371184025781,TIGHT_TS,6,True,86.56420010349218,45.0,1.72628101919515,False,True,-1.859167493613321,22.06445132080656,1.3893675495616082,11.943071047935852,44.650835275835135,6,4,38.894246998120494
2024-01-23 03:00:00,SHORT,V12_SHORT,-5.561406076296244,32.438593923703756,-16.73164275013272,TRAILING_STOP,4,False,86.2675579853309,51.5,1.8580387215271412,False,True,-2.435353645165131,29.445536035992916,0.8270769632206366,13.583072145116876,77.55553408921568,3,1,21.620748339176775
2024-01-23 09:00:00,LONG,BEAR_LONG,8.431930258438435,36.431930258438435,-55.5526872574119,TRAILING_STOP,2,True,8.391049547149834,69.0,1.8155382082778777,False,True,-4.338919602811627,42.40360553198481,1.8801738125307197,14.610062317453178,-143.53022566381134,9,1,101.87090048028095
2024-01-28 05:00:00,SHORT,BULL_SHORT,86.30091643498352,102.30091643498352,0.0,TIGHT_TS,6,True,93.1609409749568,63.5,1.2839001912946437,True,False,2.796750348831842,25.99556542297794,2.060638669790076,16.21862575755356,144.83832972377328,5,6,35.85703988692025
2024-01-30 23:45:00,LONG,V12_LONG,-1.5172131128449955,26.482786887155005,-20.31387179182553,TRAILING_STOP,2,False,19.916670005207706,85.0,0.886203912392258,True,False,0.09215993125396116,34.235499426356924,2.5309640453294016,20.966956848560354,-197.3137236888486,23,1,65.20326680033936
2024-02-09 02:45:00,SHORT,BULL_SHORT,76.94975804371269,92.94975804371269,-0.7605019485694998,TIGHT_TS,6,True,90.1811750835136,66.0,1.8645458263948786,True,False,4.728216068262514,31.549487634528635,2.2518558796367834,23.162919127080993,133.4766033366504,2,4,92.61917894758113
2024-02-12 03:45:00,LONG,V12_LONG,-8.017862706407666,7.982137293592333,-25.381659570048207,TIGHT_TS,6,False,19.96791705176824,78.5,1.012984363067561,True,False,0.6886652971948628,26.206454356048617,0.4103754533048431,17.59742386181472,-51.163664926066865,3,0,16.2031363589162
2024-02-13 14:00:00,LONG,V12_LONG,-20.264788503033017,7.735211496966983,-85.62879127142521,TRAILING_STOP,1,False,19.924541597545513,89.5,1.5069936783475926,True,False,0.3089956476766759,41.60554901956705,1.986409359908198,14.111931304968929,-90.29727471500293,14,1,125.86003338354496
2024-02-13 15:00:00,LONG,BEAR_LONG,82.56234052020764,110.56234052020764,0.0,TRAILING_STOP,1,True,0.5752296650404816,97.5,1.2217678633950324,False,True,-1.0402853576705842,79.43989216171539,1.0258591383100626,26.846691026204393,-238.13953488372022,15,1,86.8712945349474
2024-02-14 10:00:00,SHORT,BULL_SHORT,60.32382618503996,98.32382618503996,-5.616506781368394,TRAILING_STOP,3,True,91.9227415416811,87.5,1.0531603259973712,True,False,4.0659418667334535,69.91929241867405,1.1973789456209245,57.498339731507414,352.7532514582906,10,2,33.79031207146673
2024-02-17 19:30:00,SHORT,V12_SHORT,-16.97341235647583,21.02658764352417,-29.1590726516265,TRAILING_STOP,4,False,86.74110172105351,37.5,0.5239096174869823,False,True,-0.814516681236847,23.21990626655481,1.1188367033939317,11.780517924815468,52.59564257253585,19,5,17.885242681054695
2024-02-24 05:15:00,SHORT,V12_SHORT,2.4077979774549227,18.407797977454923,-5.737495473492072,TIGHT_TS,7,True,88.84969109800628,0.5,0.5222795078490118,False,True,-0.4554467638744156,13.72715839574216,1.280163002255057,6.669446499237156,31.673234581345678,5,5,19.965625968128954
2024-02-27 03:00:00,SHORT,BULL_SHORT,124.78576103893661,162.7857610389366,-16.647134265383333,TRAILING_STOP,3,True,90.25182612665486,100.0,3.0416867172426896,True,False,8.076993812667773,78.81776984150395,0.7321386921541166,48.89038182462391,336.7351229159123,3,1,38.00933231790871
2024-02-28 08:45:00,SHORT,BULL_SHORT,64.2079308415599,102.2079308415599,0.0,TRAILING_STOP,1,True,96.83631918527948,64.0,2.8137098686093767,True,False,7.453246346995007,54.16742512549557,1.2618989755526853,24.789178879279643,299.31333371841293,8,2,114.79194905432277
2024-03-14 23:00:00,SHORT,V12_SHORT,24.203626220362622,62.20362622036262,-57.10320781031981,TRAILING_STOP,4,True,86.68686474866101,84.5,0.9389710931065224,False,True,-0.9360149132422227,59.01752519485785,0.5532223710662788,27.311902179681667,96.77857787950767,23,3,43.06833430009122
2024-03-16 00:00:00,SHORT,V12_SHORT,64.61996216247205,102.61996216247205,-28.234821991629882,TRAILING_STOP,5,True,83.49374536354574,39.5,1.6805757152285175,False,True,-0.9682801147141656,55.44999706958406,1.0135014624608827,35.71089950432461,201.11355302322872,0,5,76.41460757897201
2024-03-17 10:15:00,SHORT,V12_SHORT,0.3656198236682897,38.36561982366829,-17.169688535825422,TRAILING_STOP,1,True,82.96115529089559,59.5,2.1569089235278662,False,True,-1.0304251808352236,65.47196423953996,0.6803254840426931,39.133427735684705,153.93986318928177,10,6,83.12847962385828
2024-03-19 23:00:00,LONG,BEAR_LONG,13.976105908944142,41.97610590894414,-48.98127219890207,TRAILING_STOP,1,True,9.937028074983544,70.0,2.6449235222711667,False,True,-6.475897619938192,69.33876575883568,1.6084199588886012,35.90660094735135,-182.75565776394197,23,1,149.05392315143655
2024-03-20 08:45:00,SHORT,V12_SHORT,-130.3807209126435,0.0,-203.08461186148884,TIME_EXIT,10,False,80.28677664757673,45.5,2.9875423188919545,False,True,-3.713294137112768,75.95132861539449,1.0779609347046937,39.55456285419695,130.4981408225496,8,2,77.7382554693155
2024-03-23 01:30:00,SHORT,V12_SHORT,151.69541705358608,167.69541705358608,-46.88448602798359,TIGHT_TS,7,True,81.38243396443409,20.0,1.6777509863507445,False,True,-2.2896641805510485,39.23230370019165,1.6653256046667455,24.46322827761123,102.29118604430688,1,5,52.89936759543417
2024-03-23 07:00:00,SHORT,V12_SHORT,5.981973127122487,43.98197312712249,-54.79375601709705,TRAILING_STOP,5,True,87.37795147370107,10.0,1.1994609430212497,False,True,-1.0601086656784786,30.518577493429966,0.7588236151738257,13.074661844663952,27.676675173350148,7,5,75.46234951829918
2024-03-29 20:15:00,SHORT,V12_SHORT,35.25134697212112,51.25134697212112,0.0,TIGHT_TS,6,True,84.44844704125157,10.0,0.34855321420484414,False,True,-0.6852885154023212,21.294037756102764,0.7357287499989794,8.016333321881055,34.901300769737794,20,4,13.786674967579929
2024-03-30 01:00:00,SHORT,V12_SHORT,1.4912711595847092,17.49127115958471,-31.054617734178528,TIGHT_TS,6,True,84.51063082059358,2.5,0.3104477575707212,False,True,-0.33418471358655066,16.166233621382368,0.6027156144295978,8.350846950491238,36.29304875243265,1,5,24.676743098723612
2024-04-01 04:15:00,LONG,V12_LONG,-135.40373651906046,0.0,-242.70575401046403,TIME_EXIT,10,False,13.935841749959636,64.0,0.5290968215558166,True,False,0.4772530548579501,16.388949847282493,0.896475910634203,9.46351234094121,-27.965560211383615,4,0,20.3069224835599
2024-04-01 21:30:00,SHORT,V12_SHORT,-20.492106526844722,17.507893473155278,-19.226688554760877,TRAILING_STOP,3,False,83.30307818155354,83.0,0.7394016955320962,False,True,-0.4986546327656982,42.26328912033729,0.42475925270115467,23.86242990693236,98.02838405279148,21,0,38.57819778740275
2024-04-03 03:45:00,SHORT,V12_SHORT,-22.025860620161176,15.974139379838823,-18.290457539276566,TRAILING_STOP,1,False,82.92072404012018,51.5,2.244472983890537,False,True,-2.1735424274508195,38.757368015157,0.4607121918789423,21.174381332466258,97.55143155426613,3,2,50.866890376092144
2024-04-08 08:45:00,SHORT,BULL_SHORT,-14.571531791907436,23.428468208092564,-94.76433970653625,TRAILING_STOP,1,False,91.91468764804024,99.5,1.0534295531503859,True,False,4.239197853011442,46.39072309607512,0.748903434602596,38.07622261492149,205.68137328801853,8,0,141.18775011116134
2024-04-08 09:30:00,SHORT,BULL_SHORT,31.221584319696632,69.22158431969663,0.0,TRAILING_STOP,2,True,90.19521928677008,100.0,1.2891282192835332,True,False,4.613460529309433,72.96575389701876,1.346188972345031,44.57271352316444,351.3476864946422,9,0,36.10334020910612
2024-04-10 06:15:00,SHORT,V12_SHORT,78.65079468831382,94.65079468831382,-8.289971035492211,TIGHT_TS,6,True,83.61714915356139,12.0,0.8889701336254571,False,True,-1.532821195954994,22.388083528038614,0.5755665691374618,10.557915098208467,12.454052903406744,6,2,34.61257271001478
2024-04-11 12:15:00,LONG,V12_LONG,115.07338974393826,143.07338974393826,0.0,TRAILING_STOP,3,True,19.610928834818637,54.50000000000001,0.6668014664492543,True,False,0.4978631359128258,36.86085454573145,1.1877369539271365,22.791575035324357,-65.07421675825691,12,3,61.64780471580279
2024-04-13 05:15:00,SHORT,V12_SHORT,22.708349293269997,60.70834929327,0.0,TRAILING_STOP,5,True,90.97381823530398,65.5,2.2519009394112466,False,True,-2.739492310540025,42.77423448305354,1.7391228499496658,19.81174178379059,181.18915792791205,5,5,20.100651032334987
2024-04-13 20:15:00,LONG,BEAR_LONG,49.90650092606214,77.90650092606214,-122.85770005683138,TRAILING_STOP,1,True,9.580754847351585,100.0,2.0753681725581345,False,True,-9.460183031437623,151.01521996072015,5.037687273725715,145.26687360074854,-627.5761128245437,20,5,244.01485085136412
2024-04-14 06:30:00,SHORT,V12_SHORT,53.043392100924464,91.04339210092446,-0.48585678607763577,TRAILING_STOP,4,True,86.0039884584661,69.5,3.4380339426551547,False,True,-3.506143804847517,57.46428233025997,0.8528524415294896,42.364049196186755,151.48384519827513,6,6,56.729563783895166
2024-04-16 08:00:00,SHORT,V12_SHORT,8.231662652937331,46.23166265293733,-7.102731119257244,TRAILING_STOP,2,True,85.45427945989273,34.5,1.835422896692489,False,True,-1.6486440041722938,46.30337805549517,1.0589713896606479,16.743587553395464,114.49073701033281,8,1,49.79801953574551
2024-04-25 18:00:00,SHORT,V12_SHORT,5.50737674338842,43.50737674338842,0.0,TRAILING_STOP,2,True,83.89679167436384,81.5,1.1912998207998813,False,True,-0.781501480062282,49.280463637770225,0.577939295742725,21.032376065763227,134.7017519732858,18,3,33.985305371871846
2024-04-29 17:15:00,SHORT,V12_SHORT,79.21681204579286,95.21681204579286,0.0,TIGHT_TS,6,True,80.96770437488759,94.0,0.6700940188451381,False,True,-0.0727227622245808,30.677799522714235,0.6411132567352869,13.195819895826968,10.252249582598093,17,0,53.76817186316392
2024-05-01 07:15:00,LONG,BEAR_LONG,-181.78733304054387,0.0,-248.48315865107858,TIME_EXIT,10,False,8.676905010917139,88.5,2.425506851267504,False,True,-6.259708801326718,58.99359510496663,6.074461995349019,54.78367374332512,-293.2768716868273,7,2,198.4623205069223
2024-05-09 02:45:00,SHORT,V12_SHORT,1.1472325144526039,39.147232514452604,-8.979214019574691,TRAILING_STOP,2,True,83.25946877271926,0.5,1.2466680038032254,False,True,-1.7761588066531098,19.598017875378936,2.0712059228966115,11.638359473794047,50.391750279542464,2,3,7.8813401002581935
2024-05-16 17:15:00,LONG,V12_LONG,43.74876946604232,71.74876946604232,-10.818780711209131,TRAILING_STOP,2,True,19.996395083796216,81.0,1.8642540902548232,True,False,1.0102089830022842,45.667723676744465,0.5288294401482567,22.2565766818652,-47.36374348881869,17,3,89.8022000295382
2024-05-20 19:45:00,SHORT,BULL_SHORT,82.91285714285705,120.91285714285705,0.0,TRAILING_STOP,3,True,92.31330728424562,99.5,1.0289929423333348,True,False,4.484100370441341,54.19491319889812,2.75172092848663,31.33944946532298,204.72037692780512,19,0,63.812866258981224
2024-05-21 17:00:00,LONG,V12_LONG,22.012457852369366,50.012457852369366,0.0,TRAILING_STOP,1,True,19.37197016165706,86.0,1.9767374274146914,True,False,1.493298636878706,50.53417574468902,0.8495854601950065,22.82477305054226,-111.95227260501842,17,1,52.21377617190811
2024-05-27 19:45:00,LONG,V12_LONG,58.75452649306193,74.75452649306193,0.0,TIGHT_TS,6,True,14.997320329569789,93.0,0.6129705273063912,True,False,0.31851362468576216,22.880685720888955,1.045011643438436,8.297994916974222,-47.234165481049125,19,0,110.74355894548597
2024-05-28 22:00:00,SHORT,V12_SHORT,28.694288615907716,44.694288615907716,-8.948190907961466,TIGHT_TS,7,True,85.44162963443432,55.00000000000001,0.5167269556998586,False,True,-0.20771346602551272,23.886119233848543,0.5545759670674074,10.267279150809841,4.545827513928434,22,1,38.82458471344078
2024-05-31 19:30:00,SHORT,V12_SHORT,31.961616558781685,47.961616558781685,0.0,TIGHT_TS,6,True,83.78422735299804,56.00000000000001,0.48376475334875774,False,True,-0.32578304987838264,24.61522486465445,1.1075863959910368,12.680738576850086,38.29716519225343,19,4,55.656048713816084
2024-06-24 23:45:00,SHORT,V12_SHORT,-32.85183262485204,5.148167375147964,-61.53254175837116,TRAILING_STOP,4,False,85.39063715070785,77.0,2.9802769362522907,False,True,-4.124033538497019,32.87267046376307,0.8502550823265556,18.553718692316718,99.92271706855885,23,0,23.80363987374995
2024-06-25 03:15:00,SHORT,V12_SHORT,-7.038304808476433,30.961695191523567,-40.565607171964565,TRAILING_STOP,5,False,87.4823532750191,69.0,2.506518349515893,False,True,-2.030719295347936,39.4495605193092,3.0583833914835865,29.027401113752372,128.2223823525958,3,1,48.91767743803148
2024-06-29 00:15:00,SHORT,V12_SHORT,-21.852075449302674,16.147924550697326,-25.05524832276778,TRAILING_STOP,1,False,86.52070783775044,5.5,0.7915202198622151,False,True,-0.9731006490200126,12.056587529916953,2.600872829941849,5.910112126983147,18.551830740510756,0,5,38.240659303520665
2024-06-29 01:30:00,SHORT,V12_SHORT,31.224566808915668,47.22456680891567,0.0,TIGHT_TS,6,True,83.87895116067816,25.0,0.7221127263646623,False,True,-0.42702531718848624,21.302773277254648,0.8604111026645725,14.683102667244297,69.98138321072476,1,5,26.5676059822683
2024-06-29 07:15:00,SHORT,V12_SHORT,20.972320991609422,36.97232099160942,-0.8917469879820921,TIGHT_TS,9,True,81.49129986122492,4.0,0.5284680376220494,False,True,-0.18361773588782515,10.31263372528976,1.7870308516127755,7.466420572295031,29.364748315673367,7,5,37.48772825446701
2024-07-01 09:00:00,LONG,V12_LONG,-13.392645405274488,14.607354594725512,-16.70956695856375,TRAILING_STOP,5,False,19.85795319128637,64.0,1.5372443839253305,True,False,1.923184538276753,20.02440177758024,2.3960376175810656,15.063803034915706,-69.14237726991276,9,0,20.667514442374046
2024-07-01 11:00:00,LONG,V12_LONG,-22.510606565238778,5.489393434761221,-34.861150823950496,TRAILING_STOP,3,False,17.816955162140303,71.5,1.381925264321266,True,False,1.6804002615368983,21.150844789966886,0.5834653886497579,6.428512361194691,-6.00413420257625,11,0,23.60852734467365
2024-07-01 22:15:00,LONG,V12_LONG,-3.2184073656176686,24.78159263438233,-5.033288884542309,TRAILING_STOP,3,False,15.916246153300449,64.0,1.0843006445622387,True,False,1.0275737704075119,20.14893958648107,0.8298265854001962,9.39589380983764,-26.694384879318356,22,0,50.7511449342531
2024-07-03 23:15:00,SHORT,V12_SHORT,-13.971603346214067,24.028396653785933,-20.26722851118003,TRAILING_STOP,4,False,82.94809407948091,57.49999999999999,1.5848157644580265,False,True,-2.1231548374801212,30.560583388467325,0.4159620965816759,18.683445531950653,122.25281776690366,23,2,5.631809867182399
2024-07-05 04:45:00,LONG,BEAR_LONG,73.2085404265023,101.2085404265023,0.0,TRAILING_STOP,1,True,9.820095061915993,100.0,3.4955627733843793,False,True,-8.547441062632313,117.17595823654683,0.6381618075908879,59.278437578134756,-445.0123906760589,4,4,128.44380259208725
2024-07-08 19:45:00,SHORT,V12_SHORT,6.672815449747581,44.67281544974758,0.0,TRAILING_STOP,1,True,81.31303052074169,63.0,0.5285611690742338,False,True,-0.8069184765154037,48.02490241875752,0.770017222000031,16.603654925944948,54.18016794726802,19,0,56.94853384483032
2024-07-16 05:45:00,LONG,V12_LONG,7.455232682721515,35.455232682721515,-38.3191118612667,TRAILING_STOP,2,True,19.764822962497576,60.0,2.873879711122866,True,False,2.6863691301547137,39.43251583353627,3.0058494234991415,23.5775376866626,-160.6131770233753,5,1,51.38644428427505
2024-07-16 07:30:00,LONG,V12_LONG,0.19563213275255364,28.195632132752554,-56.1051594239761,TRAILING_STOP,2,True,19.396403111567878,100.0,2.4693428758753027,True,False,1.298598753390154,66.54781166619931,0.6922745309982938,47.641646657840255,-213.59731564475757,7,1,55.71255114719314
2024-07-21 06:15:00,LONG,V12_LONG,-25.005988023952096,2.9940119760479043,-31.12275449101709,TRAILING_STOP,3,False,17.049606235284813,28.499999999999996,1.0920024852225774,True,False,0.8073250150632528,15.395397092992752,1.746353728894908,6.025973780997337,-22.231210845460666,6,6,54.191624878985756
2024-07-24 08:45:00,SHORT,V12_SHORT,4.472023048598182,20.47202304859818,-24.533012548277725,TIGHT_TS,6,True,89.97125356791109,6.0,0.744454930196708,False,True,-0.4677425128736917,22.68783460237314,1.4292331100261457,12.092807773032307,70.87156944906846,8,2,22.579282240425144
2024-08-01 21:00:00,SHORT,V12_SHORT,-105.96509548286376,0.0,-145.2086132893409,TIME_EXIT,10,False,84.54484847439909,88.0,1.8032260028981668,False,True,-0.6994923688852557,49.672300527238846,2.0882347825044407,36.851374229440395,307.4110540139532,21,3,45.42645241038319
2024-08-03 12:30:00,SHORT,V12_SHORT,26.43091310912807,42.43091310912807,-0.6408190117803146,TIGHT_TS,6,True,85.03151943797192,6.5,2.0023945424517517,False,True,-1.9259301889974223,20.13923054306304,2.163707003551657,11.003444380073212,57.320543055809466,12,5,23.79080833683026
2024-08-04 15:45:00,LONG,BEAR_LONG,2.8787139290666417,30.87871392906664,-33.34291823055949,TRAILING_STOP,1,True,9.505627916632648,60.0,1.7256815926688505,False,True,-3.71966322771435,54.95329702433353,0.8218058867358482,30.48373713698022,-262.57365599767166,15,6,57.5432323150607
2024-08-04 16:45:00,LONG,BEAR_LONG,29.45896198513912,45.45896198513912,-262.7050025654627,TIGHT_TS,7,True,8.986098974129206,78.0,1.9480736815769757,False,True,-4.2458700470587125,66.83836148491483,0.6680650411257287,36.6038804137438,-224.65043074883997,16,6,72.57274064629149
2024-08-05 09:45:00,SHORT,V12_SHORT,341.0057682303038,379.0057682303038,0.0,TRAILING_STOP,2,True,81.45987822502316,85.0,7.631549977221621,False,True,-10.84091697614339,118.55219663238798,0.4694791645433135,37.8543241955229,-71.26693037395813,9,0,174.27346500138614
2024-08-05 16:15:00,SHORT,V12_SHORT,267.48615839093435,305.48615839093435,0.0,TRAILING_STOP,2,True,86.63431728296247,92.5,6.7122984602528355,False,True,-4.080325297742624,203.9054494882643,0.6290229172843371,120.00405886910343,576.8936112875588,16,0,165.5645259003681
2024-08-09 02:15:00,LONG,V12_LONG,-0.36105789409516476,27.638942105904835,-7.176953851436598,TRAILING_STOP,1,False,18.530876821603854,42.0,3.5670694730714514,True,False,6.592288147625316,54.32506195854044,0.6520442346239345,19.925507871259928,-60.952251880856245,2,4,20.796517725587314
2024-08-22 02:45:00,LONG,V12_LONG,94.24234840742534,110.24234840742534,0.0,TIGHT_TS,8,True,19.639091996399415,60.5,1.1066706430288955,True,False,0.2711072643931131,29.513978038932493,1.661586166548903,19.764273947546464,-78.94234168528457,2,3,138.78199888081156
2024-08-23 18:15:00,SHORT,BULL_SHORT,-18.248615874390783,19.751384125609217,-69.24548857190436,TRAILING_STOP,2,False,92.10249557186259,90.5,1.0310695939153105,True,False,3.6947827600880916,58.32388825129691,2.475800609140549,42.46494780553922,236.7751964188346,18,4,72.2902559996733
2024-08-23 19:15:00,SHORT,BULL_SHORT,-5.70820755743452,32.29179244256548,-15.853847529543026,TRAILING_STOP,2,False,93.76243816455329,93.5,1.3140594264826955,True,False,4.498513304855596,68.84761087497289,1.0214620894090747,42.86763652472348,287.2060336950102,19,4,60.251472528529
2024-08-23 20:15:00,SHORT,BULL_SHORT,-19.218700451542112,18.781299548457888,-173.0599619568357,TRAILING_STOP,3,False,91.00901631040422,90.5,1.590922636783903,True,False,4.3544601352625305,66.41592184088802,0.36714596249935777,21.20817065545306,114.15416757076851,20,4,33.713372416157206
2024-08-24 21:45:00,LONG,V12_LONG,32.937842897197875,60.937842897197875,0.0,TRAILING_STOP,1,True,18.968709862972872,63.5,1.7198833565446496,True,False,1.476493697677531,22.528392317358215,2.2103294734743457,8.729641018580288,-60.03209399733488,21,5,69.41731616036343
2024-08-27 22:00:00,LONG,BEAR_LONG,133.10498993029702,161.10498993029702,0.0,TRAILING_STOP,1,True,4.579576461851531,100.0,1.5972108651341674,False,True,-7.531323117627409,59.7794960632941,3.7396258571831007,36.9821863409225,-264.5757468338117,22,1,380.17148816587815
2024-08-28 11:15:00,SHORT,V12_SHORT,-20.665444240707124,17.334555759292876,-21.17019503250542,TRAILING_STOP,3,False,80.52415526880193,88.0,2.7850512004509267,False,True,-3.0876338810352464,48.931671486194226,0.5004183104856855,47.63661460283169,119.3958731926033,11,2,28.15302550425061
2024-08-29 05:15:00,SHORT,V12_SHORT,-30.07954534539087,0.0,-71.45434301556203,TIME_EXIT,10,False,80.62574995074874,5.5,1.8176445096208698,False,True,-1.7410226533563629,16.121620904270536,1.0140422131248985,6.473760599431524,10.651537954241501,5,3,29.18941691944711
2024-08-30 18:45:00,SHORT,V12_SHORT,97.01814016944299,113.01814016944299,0.0,TIGHT_TS,6,True,80.64663220393469,75.0,0.8821233944594532,False,True,-0.04032868575923407,57.612857317700346,1.6382349926974795,24.698430403740083,196.46939337602456,18,4,34.867196925636925
2024-08-31 13:00:00,SHORT,V12_SHORT,14.0033695940255,52.0033695940255,-3.0388508380316086,TRAILING_STOP,3,True,80.88327311628392,10.0,0.3499311201810518,False,True,-0.24158963672196235,11.613772238747218,1.294460087236804,8.409107065144005,28.337145277425165,13,5,10.084457756004495
2024-09-06 10:45:00,SHORT,V12_SHORT,24.61346744037391,62.61346744037391,0.0,TRAILING_STOP,3,True,85.46528528738041,31.0,1.0378176135573156,False,True,-1.2408144199453355,27.005409944552916,1.0509395519137619,12.777098337850992,51.4060952557682,10,4,15.486486616382459
2024-09-06 16:15:00,LONG,BEAR_LONG,31.782105507681813,59.78210550768181,-88.46177088756167,TRAILING_STOP,3,True,8.495396523954938,97.5,1.614710322924625,False,True,-4.663787659173345,91.58089177961116,0.38632448363005617,52.67635120655435,-316.2479754816139,16,4,72.8366293973324
2024-09-07 00:15:00,SHORT,V12_SHORT,20.051167964404733,36.05116796440473,-24.10085279940675,TIGHT_TS,6,True,85.93700894992128,52.5,2.769690718691877,False,True,-3.8238572607230723,30.173673152274525,1.3922492445008317,15.864041032225227,32.094292048013784,0,5,16.607338411690037
2024-09-07 05:00:00,SHORT,V12_SHORT,10.218824829618498,48.2188248296185,0.0,TRAILING_STOP,5,True,81.5629417333461,3.5000000000000004,2.4973395951377384,False,True,-2.5286524535302615,14.586643021126122,1.133215448966247,11.942757497474753,30.726418169851883,5,5,68.78430650211831
2024-09-16 08:15:00,SHORT,V12_SHORT,80.51320243737256,96.51320243737256,0.0,TIGHT_TS,6,True,80.29243854130269,74.0,0.7867326345849327,False,True,-1.0816719175812468,21.70694497946364,0.8039481640290203,12.364005177429684,41.5868416567237,8,0,48.78977657413676
2024-09-17 05:30:00,SHORT,V12_SHORT,-50.73022937350178,0.0,-73.26258130777131,TIME_EXIT,10,False,84.14936290703176,23.0,0.9477014564005362,False,True,-0.9163669746473061,16.85773754939109,0.8682269606961102,9.191770734831309,48.889484215598294,5,1,17.805546045874152
2024-09-18 10:00:00,LONG,V12_LONG,60.3366470485995,76.3366470485995,0.0,TIGHT_TS,6,True,15.585124353543662,42.5,0.9402965121164675,True,False,0.614951569098105,27.136166080211446,1.5282789209531589,18.908504403477792,-126.65013681730188,10,2,54.360147692200606
2024-09-19 22:00:00,LONG,V12_LONG,14.346393242024412,42.34639324202441,-23.876157891779027,TRAILING_STOP,1,True,17.971348448946827,38.0,2.2424430626124328,True,False,2.537509888303533,30.09253550903319,0.5111557967733774,13.829810478372389,-92.01321511143883,22,3,26.232095866300025
2024-09-20 14:00:00,LONG,V12_LONG,113.988801427601,141.988801427601,0.0,TRAILING_STOP,1,True,17.11448265385569,49.0,1.4350399938241312,True,False,0.5757035301615098,37.21683318106713,0.8941565504468215,30.18862995196893,-82.3163609962437,14,4,64.42349199281814
2024-09-23 06:45:00,LONG,V12_LONG,-9.940766516593827,6.059233483406173,-58.33386470727341,TIGHT_TS,10,False,17.78392090542488,83.5,0.6690522326269392,True,False,0.8325491548506281,31.87251519961574,0.9024202175410011,16.69750350145613,-32.69922718312894,6,0,20.8288114196295
2024-10-02 02:45:00,SHORT,V12_SHORT,-18.538301138066224,19.461698861933776,-16.203515245078467,TRAILING_STOP,2,False,82.88498351114265,48.0,2.3338512721607976,False,True,-2.3628521058458793,33.18132898329658,1.5609109940594819,16.664243182630265,113.15685888604644,2,2,27.939774264363905
2024-10-03 19:45:00,SHORT,V12_SHORT,34.02306835310284,72.02306835310284,0.0,TRAILING_STOP,4,True,84.13451156919098,53.0,1.1064512191281055,False,True,-0.07739450761702679,37.899621546955004,0.850601199527294,9.938327379180953,26.71591630398161,19,3,42.270135657644666
2024-10-11 22:30:00,LONG,V12_LONG,12.320429332623064,40.320429332623064,-4.244171394029295,TRAILING_STOP,2,True,18.870195002728522,52.5,1.2764611430642878,True,False,2.3235501936998832,23.200194910297693,1.6933260161363748,17.501231203415802,-71.814612173442,22,4,32.30473443883756
2024-10-15 03:45:00,LONG,V12_LONG,16.529058796493466,44.529058796493466,-3.8211015016971657,TRAILING_STOP,4,True,10.898082744702705,39.0,1.997620702525573,True,False,2.2335829056745493,21.18068719411094,2.443235529360182,8.26659377494412,-55.43583222354457,3,1,35.71865443425054
2024-10-15 21:30:00,LONG,V12_LONG,85.60749112273979,113.60749112273979,0.0,TRAILING_STOP,3,True,17.776822380026545,76.0,1.6275324480074076,True,False,1.6261129754548953,44.01287838237115,0.9951717140389291,16.13305372566107,-64.37912393464035,21,1,47.68003125628899
2024-10-26 05:30:00,SHORT,V12_SHORT,14.714850535743341,30.71485053574334,-5.654591930421139,TIGHT_TS,9,True,83.12173188674996,22.0,0.48625861432485523,False,True,-0.4918688627030666,17.60443240366426,0.9926114816733814,10.592922563252241,52.696277126814145,5,5,15.547151707641515
2024-10-30 13:15:00,LONG,V12_LONG,56.340654709084006,84.340654709084,-46.81907422710474,TRAILING_STOP,3,True,14.571141507437744,39.0,1.4009095027893856,True,False,0.7865373339493289,29.85824748361558,1.3553079634871605,14.743672271467654,-69.43268135823668,13,2,30.203966642715667
2024-11-01 11:15:00,SHORT,V12_SHORT,3.4572291559804995,41.4572291559805,-37.428050378981744,TRAILING_STOP,4,True,80.05456756845592,45.0,1.3434970253065368,False,True,-1.5321993478747797,29.152678356124607,1.640883853310169,21.08950032936115,115.29907273542246,11,4,17.67823811452668
2024-11-05 01:00:00,SHORT,V12_SHORT,35.757664609825255,73.75766460982526,0.0,TRAILING_STOP,1,True,83.55529619363185,78.0,0.8461827321340798,False,True,-0.7516126079369888,34.08292579982607,1.1290812997575317,12.355560040780263,38.91462849744415,1,1,24.552057349135218
2024-11-06 03:00:00,SHORT,BULL_SHORT,-2.8029723974874727,35.19702760251253,-51.59917193949242,TRAILING_STOP,1,False,91.26277021157446,100.0,1.4721846022162208,True,False,7.436808160039749,81.8995819952003,1.7322785999569374,55.16965457635973,263.13331727605976,3,2,260.60194667945996
2024-11-06 04:15:00,SHORT,BULL_SHORT,103.51356390876018,141.51356390876018,-10.897501633955086,TRAILING_STOP,2,True,90.40835110562364,98.5,2.098697810992054,True,False,8.1508809907364,107.4993211048076,0.7179832491967572,59.297328363346836,457.8032445643338,4,2,73.89550340165395
2024-11-12 10:30:00,LONG,V12_LONG,120.82919687043812,148.82919687043812,0.0,TRAILING_STOP,1,True,16.426545447715128,82.0,4.494952235676379,True,False,3.597287866759812,68.41143986489604,1.107123967714185,45.91255014992804,-158.19210819908096,10,1,167.50153313247068
2024-11-13 16:15:00,SHORT,BULL_SHORT,74.8257114763722,112.8257114763722,0.0,TRAILING_STOP,1,True,90.12182296365161,89.5,2.2514897149678776,True,False,6.000030172426947,108.96437028428666,1.0765769896123818,42.02962623664946,453.1608429243496,16,2,71.66360352599048
2024-11-18 01:15:00,SHORT,V12_SHORT,14.102906340931195,30.102906340931195,-40.055138057681674,TIGHT_TS,6,True,80.4640950613454,86.5,0.27119201490248457,False,True,-0.12670630237625527,34.015416124319174,0.7256857516104859,13.743325113072698,66.4969404618344,1,0,54.25589292131824
2024-11-19 22:30:00,LONG,V12_LONG,49.29599235850368,77.29599235850368,-13.575430324785357,TRAILING_STOP,5,True,17.43290682266172,75.0,0.9218417860198308,True,False,0.43296272656978463,59.72393334779404,0.6503803171797663,26.147283249762307,-171.70327981362726,22,1,65.73779465226232
2024-11-21 15:15:00,LONG,V12_LONG,52.2862015890844,80.2862015890844,-12.31956404176613,TRAILING_STOP,1,True,19.582615675323098,76.5,2.3184456764043047,True,False,2.0991506697779183,54.07771437992591,1.4620323313725412,21.01227158480844,-41.71276557156403,15,3,104.13182744706452
2024-11-24 22:30:00,SHORT,V12_SHORT,-28.850265600439847,9.14973439956015,-76.74017048909484,TRAILING_STOP,4,False,87.12995059639127,67.5,0.6191708063082254,False,True,-0.3070215752614834,27.128719693645543,2.158368452600093,19.538641786138573,124.28083982964371,22,6,43.558549740612555
2024-12-03 22:30:00,SHORT,V12_SHORT,-9.472130629999699,6.527869370000301,-28.555907387926002,TIGHT_TS,6,False,81.44271804433453,32.0,0.3049720217418608,False,True,-0.051050871829769216,27.50468609484385,0.40408913033371535,11.470586476978694,37.38679933510943,22,1,22.13549464176411
2024-12-05 18:15:00,LONG,V12_LONG,-19.29269064862136,8.707309351378642,-89.37136412204696,TRAILING_STOP,1,False,19.760921300982204,91.0,2.4517909885282965,True,False,2.8151959451792616,57.90314984452012,0.49815985221762343,21.757667512994743,-2.716897413723898,18,3,61.45276821401712
2024-12-10 21:15:00,SHORT,V12_SHORT,19.999892713160506,35.999892713160506,-19.829496453344788,TIGHT_TS,6,True,87.74920881204821,65.0,1.2328108035545335,False,True,-1.0185090158387147,51.05917100107772,1.1148858159379236,23.863841364058583,165.43954754250495,21,1,58.287696026704936
2024-12-11 05:15:00,SHORT,V12_SHORT,-2.0265882972675193,13.97341170273248,-41.62963579074626,TIGHT_TS,9,False,80.42050277019109,32.0,0.6442005821852255,False,True,-0.05565928182224216,33.43759839491355,0.6939151292720106,13.971561713074234,19.548945351733742,5,2,19.610833090740456
2024-12-12 19:30:00,LONG,V12_LONG,20.65690847675728,48.65690847675728,-0.670540453594806,TRAILING_STOP,2,True,14.078375906480517,78.5,1.1238189915273973,True,False,0.13693684839945847,44.21513788017144,2.7992028521131083,30.718216311049833,-161.45986703617902,19,3,78.13957696638144
2024-12-16 16:00:00,SHORT,BULL_SHORT,-17.112307790735503,20.887692209264497,-55.996951556426524,TRAILING_STOP,2,False,92.80338974304546,93.5,1.2771199477251818,True,False,3.442623388132963,57.19362776798998,0.834818354805959,32.48728284272824,228.24434970642307,16,0,60.976376250883455
2024-12-16 17:00:00,SHORT,BULL_SHORT,45.29849275464442,61.29849275464442,-101.12930014352419,TIGHT_TS,7,True,91.02522860632064,94.0,1.4282468316868722,True,False,3.447987968227613,65.97059121969184,0.5540006522321256,18.134878159647606,136.31776272740566,17,0,31.086865176301828
2024-12-18 12:00:00,SHORT,V12_SHORT,21.14804369144028,59.14804369144028,0.0,TRAILING_STOP,3,True,86.9202873282659,26.5,0.5076160079963613,False,True,-0.5973834066273871,23.844692307764337,1.4961311011122285,8.923361641045942,83.96718774873106,12,2,35.14090213182382
2024-12-20 15:15:00,SHORT,V12_SHORT,-12.48934913327503,25.51065086672497,-52.197828802742926,TRAILING_STOP,2,False,83.28112758288148,76.5,3.3551562561216044,False,True,-2.492991566519,84.43974570039943,0.7997531404968586,69.46541272706462,255.066570507788,15,4,90.89340325873184
2024-12-23 10:15:00,SHORT,V12_SHORT,-25.101213201460702,12.898786798539298,-30.03858404329663,TRAILING_STOP,1,False,80.46576119785483,38.0,0.8237273416737592,False,True,-0.3228966877031437,35.68178257579184,0.894671453806729,23.588871940892062,78.61828868618866,10,0,19.47453693376138
2024-12-31 17:30:00,LONG,V12_LONG,46.43303470347698,74.43303470347698,0.0,TRAILING_STOP,1,True,14.978025893811775,95.5,0.5319804704903819,True,False,0.11256064521782483,48.401391777642445,0.5526825762897583,26.90542600009927,-92.93589137931649,17,1,146.5672870300313
2025-01-07 12:00:00,LONG,V12_LONG,-3.975517407051587,24.024482592948413,-10.172949070022263,TRAILING_STOP,5,False,18.843631194063335,43.0,1.1704789788884182,True,False,0.7548428981956032,24.35146060784095,1.9055087419903722,25.696068220570762,-81.67327620499341,12,1,23.719671411561592
2025-01-10 02:45:00,SHORT,V12_SHORT,-32.45398651048443,5.546013489515575,-38.930272750758554,TRAILING_STOP,3,False,81.012022954897,27.0,1.6576411163016516,False,True,-1.0175121762122652,35.260732832241274,2.1788709480948034,19.617606804381566,82.3889723119464,2,4,24.811394840601782
2025-01-14 13:15:00,LONG,V12_LONG,54.48811818642751,82.48811818642751,0.0,TRAILING_STOP,1,True,13.39785982616101,39.5,1.1773905721383724,True,False,1.897210872091791,27.936771310891185,0.8644514831631251,12.763169140467514,-71.89565600119532,13,1,29.294468691687275
2025-01-20 05:00:00,SHORT,V12_SHORT,-12.14859862454988,25.85140137545012,-29.27334085698115,TRAILING_STOP,4,False,83.14376806477965,86.0,0.7820582176825059,False,True,-1.4111367929896983,58.242944367982126,0.9093068796195453,24.448728637167,56.56454449123678,5,0,64.00988078926831
2025-01-21 12:00:00,SHORT,V12_SHORT,52.42121106591958,68.42121106591958,-129.0667380663922,TIGHT_TS,9,True,82.04318641900767,8.0,0.7603845833618147,False,True,-0.13269645370785635,35.707286789822184,0.913629543415258,21.425002328068285,123.41288483594244,12,1,35.31804804862528
2025-01-27 06:45:00,LONG,BEAR_LONG,-19.00815299196222,8.991847008037782,-119.09700351599545,TRAILING_STOP,1,False,7.285634502758384,93.0,1.813098874908968,False,True,-5.074772435546629,52.30247513758572,1.8260394497986918,29.539931611673605,-179.64190521486677,6,0,68.42513949589076
2025-01-27 21:00:00,SHORT,V12_SHORT,93.10302817964293,131.10302817964293,0.0,TRAILING_STOP,2,True,81.57722352897292,76.0,1.8047666520291015,False,True,-0.5773788824932816,53.42403213334528,1.9786423149990289,27.50923545922323,223.67519475719766,21,0,105.61305368232574
2025-02-02 03:45:00,LONG,BEAR_LONG,40.256375441816175,68.25637544181617,-13.014222304205866,TRAILING_STOP,3,True,9.593819773896357,85.0,1.2745565140890742,False,True,-3.445763719266146,38.84325893621395,1.2455070878598133,16.68601526181612,-185.5563608198063,3,6,57.78128649571168
2025-02-03 08:15:00,SHORT,V12_SHORT,6.351427853475855,44.351427853475855,-2.241315922914736,TRAILING_STOP,1,True,80.74490745332514,74.5,3.421199975770866,False,True,-3.8785980391004884,62.58433101042094,1.290133890431919,39.879826853697004,125.66867623333616,8,0,53.52006632953265
2025-02-08 01:30:00,SHORT,V12_SHORT,-12.041389131775627,25.958610868224373,-9.697877941244961,TRAILING_STOP,2,False,80.37312597896529,21.0,0.49541824334863793,False,True,-0.7356405939808888,28.198547270366156,1.2367482855690555,13.609461037350236,49.11549278202639,1,5,14.440764155120831
2025-02-08 19:00:00,SHORT,V12_SHORT,-1.3367875647668388,14.663212435233161,-25.906735751295336,TIGHT_TS,6,False,81.92928113204344,2.0,0.5653144858396393,False,True,-0.3032259101875862,17.3015324451989,0.7297241967124883,10.003034934334918,58.446376908262,19,5,13.511918498644343
2025-02-17 21:45:00,SHORT,V12_SHORT,60.373313661654706,76.3733136616547,0.0,TIGHT_TS,7,True,82.87746718765688,81.5,0.5833366105560827,False,True,-0.34200152416707136,23.39437613054027,0.9605769857991059,8.164794888742373,75.42971546807954,21,0,33.22085113546571
2025-02-22 11:30:00,SHORT,V12_SHORT,-13.929499456493607,2.070500543506393,-39.85713546249806,TIGHT_TS,6,False,84.43174927393014,6.0,0.5098960083704589,False,True,-0.8613970472039061,11.67976551497306,0.4965898191543159,4.047911076493279,16.45953374546952,11,5,7.557326983798333
2025-02-26 14:00:00,LONG,BEAR_LONG,207.77192438640077,235.77192438640077,-97.90522204734096,TRAILING_STOP,3,True,6.3196043763903305,45.0,2.008870715411542,False,True,-4.24125471404918,42.99451892334787,1.2420011436706988,21.257710142011387,-177.09995043035406,14,2,107.55363576241696
2025-02-27 23:45:00,SHORT,V12_SHORT,408.69964963403424,424.69964963403424,-9.378035776071744,TIGHT_TS,6,True,81.34217538291983,54.50000000000001,2.031104236420936,False,True,-1.9488879945611821,46.9986428495651,0.6366891676559886,27.394067276099904,88.31070558384616,23,3,27.21448051661341
2025-02-28 14:00:00,SHORT,V12_SHORT,70.21609201460917,108.21609201460917,-58.019140264491426,TRAILING_STOP,1,True,80.7224025974023,49.5,3.6904841859873727,False,True,-2.531316387887622,64.29884501905089,1.0355981175598017,43.104232787668565,115.40602203085177,14,4,105.91861921457108
2025-03-02 14:45:00,LONG,V12_LONG,229.62139507175965,257.62139507175965,0.0,TRAILING_STOP,1,True,16.701321349519674,34.0,0.6324756569278771,True,False,0.05569422457297108,32.22412625284423,2.050629106422091,12.733696624623978,-63.21394449234423,14,6,31.810376177408198
2025-03-04 18:45:00,SHORT,V12_SHORT,-7.776566961622349,8.223433038377651,-239.24369772112348,TIGHT_TS,7,False,81.15131411218816,66.5,2.486571075071773,False,True,-2.099163519531248,98.37836318636413,0.5474906608688633,49.67007880617273,433.8999115410479,18,1,135.65150804063825
2025-03-06 13:45:00,LONG,V12_LONG,59.23876183680687,87.23876183680687,-50.402409848126425,TRAILING_STOP,2,True,14.841122248256383,39.5,1.6436766632170887,True,False,1.0413292843474935,48.11414927545718,1.1400710736143682,21.752716675282205,-150.85141121778415,13,3,82.89128185123569
2025-03-10 02:15:00,SHORT,V12_SHORT,5.119551851743999,43.119551851744,-51.252629007147895,TRAILING_STOP,4,True,85.50147340328378,93.5,2.955656199796155,False,True,-3.436103330497659,75.45733622966274,0.6513348367367877,30.39913042392106,149.90765395209056,2,0,79.76283211738914
2025-03-11 04:30:00,SHORT,V12_SHORT,-10.082626319610327,27.917373680389673,-45.90142607768869,TRAILING_STOP,1,False,84.95651614690489,45.0,2.919165132093429,False,True,-2.617396648789696,52.4016453194085,1.2767874417370793,25.38138035499255,97.79503850254896,4,1,60.71322781820664
2025-03-12 04:30:00,LONG,V12_LONG,7.187234765394265,35.187234765394265,-4.258327774156528,TRAILING_STOP,1,True,16.977487678167137,28.999999999999996,0.5469015411650617,True,False,0.635560674715368,46.44198781740171,0.5914534363906372,19.59909438880654,-160.91796296027013,4,2,30.327572813180247
2025-03-25 04:15:00,LONG,V12_LONG,33.61083102913462,49.61083102913462,-5.885423028661438,TIGHT_TS,8,True,17.642288327457734,70.5,0.9613270328890101,True,False,0.2779769700245588,28.60109464654726,1.4281202834528322,14.575545931511133,-54.08303364711061,4,1,23.340419051787535
2025-03-29 00:15:00,SHORT,V12_SHORT,22.0587415750652,38.0587415750652,-4.2324292085403314,TIGHT_TS,6,True,80.40710802761987,24.0,1.5663133030150125,False,True,-1.920917815886478,19.890632426108404,0.752550676851944,13.161253711005546,49.74165486746537,0,5,15.527977862666063
2025-04-01 14:00:00,LONG,V12_LONG,265.63215252504057,293.63215252504057,0.0,TRAILING_STOP,4,True,17.3376512083137,73.5,0.5664061853148619,True,False,0.07980664743957963,31.185730828516093,1.5550362311705204,18.45443524975777,-43.317605363625226,14,1,128.6811818431053
2025-04-03 23:45:00,SHORT,V12_SHORT,-18.798694051621105,19.201305948378895,-20.321322042001544,TRAILING_STOP,1,False,87.22475444565694,38.5,1.0511750170058616,False,True,-0.9325369515430637,27.030500302367766,1.054822998881293,14.005587935318074,41.646671797792344,23,3,53.98309328496176
2025-04-06 18:45:00,LONG,BEAR_LONG,64.48578734020654,92.48578734020654,0.0,TRAILING_STOP,1,True,4.819234762296148,93.5,1.0448031740533106,False,True,-4.929192653213723,66.22018834093379,1.388312553488904,23.899797159509813,-386.2050522095013,18,6,91.37841893225976
2025-04-07 22:30:00,SHORT,V12_SHORT,70.27035355315537,108.27035355315537,-16.892031339002482,TRAILING_STOP,5,True,80.95880230161565,44.5,1.472240914497365,False,True,-0.17531889628746927,51.86610828785049,0.832357495540356,28.257312023790924,201.64898376581874,22,0,36.73970370835613
2025-04-28 05:00:00,SHORT,V12_SHORT,-27.71852141756934,10.281478582430658,-31.497784510280603,TRAILING_STOP,3,False,87.83699983422443,82.5,0.19597327250213525,False,True,-0.04950478273121158,19.181811495926915,0.6573551242798935,12.19274977580987,60.55818288648193,5,0,25.19907481575536
2025-05-03 14:15:00,SHORT,V12_SHORT,13.616257768950305,29.616257768950305,-14.885957172234423,TIGHT_TS,9,True,81.00597030696973,8.5,0.050256600260737805,False,True,-0.35011823532380143,11.748853516452964,1.2751969025034453,5.898375287442021,37.31211829811337,14,5,13.111473571898074
2025-05-05 18:30:00,SHORT,V12_SHORT,86.21678460586588,102.21678460586588,-5.748297124966216,TIGHT_TS,7,True,80.26933986946102,80.0,0.7323206178245266,False,True,-0.3685648901365958,23.541141061012773,0.6840473574846113,14.235477197096296,64.53383381601365,18,0,33.526113582440566
2025-05-08 04:00:00,SHORT,BULL_SHORT,32.597172572127214,48.597172572127214,-14.632273901329876,TIGHT_TS,7,True,93.58158532628406,91.5,1.1900760257421772,True,False,3.3828185574836236,30.881237407541995,1.5541017101720656,18.421409041793584,135.09191395748363,4,3,28.596237138799992
2025-05-12 23:00:00,SHORT,V12_SHORT,56.97571437330207,72.97571437330207,-18.105952567535724,TIGHT_TS,6,True,82.37734590835511,41.5,0.5599081413476761,False,True,-0.9129239618816726,26.332770841080475,0.6817221249192937,13.040863587604967,31.81991478992565,23,0,13.221408206776625
2025-05-19 03:15:00,LONG,V12_LONG,-114.17037078261366,0.0,-163.45926879772466,TIME_EXIT,10,False,16.56487568346475,93.0,0.7035212974614734,True,False,0.4206570769276031,38.55280437428726,0.9635287038499977,23.940800595228986,-103.97404999844218,3,0,22.247726603017078
2025-05-20 08:15:00,LONG,V12_LONG,33.70864264193477,49.70864264193477,0.0,TIGHT_TS,6,True,18.114204840852395,32.5,0.8139940865663196,True,False,0.32523984149028645,29.672256166629513,0.8828139307650008,19.206179367195833,-109.3960846050422,8,1,19.995185673326986
2025-05-21 09:45:00,LONG,V12_LONG,35.00563530914328,51.00563530914328,-3.90395369944734,TIGHT_TS,6,True,16.24403970287689,34.0,0.907762481399077,True,False,0.6753086396709006,30.68807877852165,0.7367684254861292,16.297599256922066,-79.77305011205614,9,2,13.002821185644775
2025-05-21 16:30:00,SHORT,BULL_SHORT,272.19471713219264,310.19471713219264,0.0,TRAILING_STOP,4,True,92.4108599617747,100.0,1.1314712939816758,True,False,3.2334031141387873,61.674197542952825,0.46960242145523134,39.23798963600256,157.3520604110978,16,2,54.60451175713666
2025-05-24 11:15:00,SHORT,V12_SHORT,54.022035539474814,70.02203553947481,-1.7706721630672526,TIGHT_TS,7,True,89.83013798442525,39.5,0.5712269947252168,False,True,-0.4636791074719469,25.71857336986169,2.77114542784635,19.281285991359617,97.56286371988611,11,5,21.06514527880422
2025-05-25 19:45:00,SHORT,V12_SHORT,-9.41305988598575,28.58694011401425,-18.327651470491688,TRAILING_STOP,4,False,87.28660388265655,9.0,0.6280238643918314,False,True,-0.3345972951017498,12.703869324284032,1.5736718301000894,9.14195622101951,33.87441117510653,19,6,26.101727108838567
2025-05-28 23:15:00,SHORT,V12_SHORT,11.596805381424986,49.596805381424986,-5.878290849419683,TRAILING_STOP,3,True,81.56990402879083,27.500000000000004,0.7532857276552446,False,True,-0.8465990395318599,19.91268301352246,2.3016306648526124,16.503310766546996,50.82549853156396,23,2,22.554444357475784
2025-05-29 08:45:00,SHORT,V12_SHORT,-2.6949328294577217,13.305067170542278,-9.516786874668757,TIGHT_TS,6,False,81.34857959621189,7.000000000000001,0.42477360208240295,False,True,-0.1720106552417288,16.520198905382284,1.2057257145949765,9.813917915360026,26.30724396529214,8,3,32.19485514619432
2025-05-31 14:00:00,SHORT,V12_SHORT,-26.855834729586057,11.144165270413943,-36.364364302236226,TRAILING_STOP,4,False,87.13922546594945,18.0,1.1690488398589798,False,True,-0.7172915013979151,16.329636797458388,0.5015663288644515,12.731585598819462,58.52586992999498,14,5,29.950842114810772
2025-06-06 05:30:00,SHORT,V12_SHORT,-58.39281239053096,0.0,-58.8314652697238,TIME_EXIT,10,False,81.15514497535261,47.0,1.3245364339935255,False,True,-1.3078418531810927,15.654959534553148,0.9955663817471698,10.346079372958249,58.66449497368497,5,4,17.585872672565984
2025-06-06 11:15:00,SHORT,V12_SHORT,16.67021970190826,32.67021970190826,-43.04257393070674,TIGHT_TS,6,True,80.83912768647271,9.0,0.6358070539567398,False,True,-0.1619417684215715,12.431802191478644,0.6482213669062652,8.382840929629205,27.79724713252996,11,4,15.189742268348967
2025-06-13 23:15:00,SHORT,V12_SHORT,31.25132933620265,47.25132933620265,-35.6772235596048,TIGHT_TS,10,True,80.21331604455968,17.5,0.7467440106457099,False,True,-0.3519547577456132,20.037086474594155,1.0883427732062538,8.313001083195827,33.4923736530578,23,4,11.323808891433151
2025-06-17 00:00:00,LONG,V12_LONG,43.718570410583325,71.71857041058333,0.0,TRAILING_STOP,1,True,19.54844449630258,100.0,1.0381643572950463,True,False,0.03209298822443091,42.879686880009494,1.3741567089526778,42.23447963394537,-159.10446949742013,0,1,64.12387090166588
2025-06-17 07:00:00,LONG,V12_LONG,-18.21349095197673,9.786509048023268,-22.18362841850714,TRAILING_STOP,5,False,19.71065342920552,39.5,0.5736668582502171,True,False,0.26796445609084096,16.969374254038676,1.1557092101298547,7.018083794764937,-48.058287744409476,7,1,16.818104256316225
2025-06-27 22:00:00,SHORT,V12_SHORT,3.117900375285341,19.11790037528534,-1.082427002895051,TIGHT_TS,6,True,80.00117588264715,14.499999999999998,0.039755086918540926,False,True,-0.08940488964780507,14.499210146746321,0.45637071968407067,8.008076704813199,22.641100314595647,22,4,10.691766033776737
2025-07-02 04:15:00,SHORT,V12_SHORT,-36.30267510829283,1.6973248917071733,-37.184876995251074,TRAILING_STOP,4,False,84.4552818647719,52.0,0.6664915624730069,False,True,-0.6466139303976974,14.941909782686604,1.0933117784688067,9.5258189153248,47.25785092697697,4,2,8.89048046438379
2025-07-04 22:45:00,SHORT,V12_SHORT,11.701273706189887,27.701273706189887,0.0,TIGHT_TS,6,True,92.25282345948031,5.5,0.4324535694263444,False,True,-0.6858813901231546,11.593361896350672,1.4287769526541323,5.835309263664174,43.390744644280176,22,4,8.535406464093212
2025-07-08 06:00:00,SHORT,V12_SHORT,-11.277056268257722,4.722943731742278,-24.152424693900052,TIGHT_TS,6,False,83.19610237823174,19.5,0.24876871288094216,False,True,-0.22327693408931254,8.624200097612851,1.7417164726021657,6.046687065973778,25.111198464256628,6,1,7.668316309363162
2025-07-14 15:45:00,LONG,V12_LONG,-13.244191980828592,14.755808019171408,-56.408912311177225,TRAILING_STOP,2,False,18.413302448709373,96.5,1.4922147057430897,True,False,0.7175582109862226,46.19526271854629,1.1154384006206541,22.68980946321161,-130.92342006872914,15,0,44.0421918141435
2025-07-15 23:00:00,SHORT,V12_SHORT,-3.396793309447773,34.60320669055223,-7.382481360698946,TRAILING_STOP,5,False,83.45880020127854,35.0,0.7969548291177176,False,True,-1.0345055891458474,27.493708374017853,0.842288868708999,17.939711360430756,108.76373616710158,23,1,19.598075242080533
2025-07-25 19:00:00,SHORT,V12_SHORT,-35.0597309233754,2.9402690766246047,-28.95007791713063,TRAILING_STOP,1,False,80.30238132125557,37.0,0.9006808071807825,False,True,-0.7844304113339661,22.901697961517904,0.9485157579265608,15.462397321341925,49.846549684273285,19,4,21.456247428336553
2025-07-31 00:00:00,SHORT,V12_SHORT,-54.760613125628204,0.0,-54.80752013868497,TIME_EXIT,10,False,82.99341601592332,2.0,0.30992722039117915,False,True,-0.08098000572790376,13.591804221765354,1.5073997479695112,8.256506267090254,67.6170675747773,0,3,12.812962721538904
2025-08-01 19:30:00,LONG,BEAR_LONG,7.675432244847038,35.67543224484704,-6.868233756600572,TRAILING_STOP,1,True,4.739535273886048,87.5,1.2434299752357896,False,True,-3.0070622608964466,39.08002558633457,1.3439212478787874,13.96687881635053,-104.5619562445799,19,4,59.306294200793324
2025-08-03 03:45:00,SHORT,V12_SHORT,7.162876020428772,23.162876020428772,-4.823765318536015,TIGHT_TS,6,True,83.71192226890747,30.0,0.8819206833485884,False,True,-0.32198707981265584,15.548655934920712,1.244232818979251,10.973873413684617,45.35383562390508,3,6,12.014520589908228
2025-08-11 11:45:00,LONG,V12_LONG,-13.925540593256011,2.0744594067439888,-97.7608694912876,TIGHT_TS,10,False,19.41940684442484,87.0,1.560762882944179,True,False,1.6810067834837876,26.705747996379937,2.140046213776856,16.237455441631354,-50.526490049572665,11,0,34.76979474548868
2025-08-11 19:30:00,LONG,V12_LONG,-15.44447246324603,0.55552753675397,-50.37678109722667,TIGHT_TS,6,False,14.742963501419041,72.0,0.7390785549549619,True,False,0.1298122669234846,21.57933686751764,0.5076924163875278,11.909443126707291,-35.49581300857162,19,0,30.110935156760927
2025-08-14 06:00:00,LONG,V12_LONG,-12.291725888604578,15.708274111395422,-12.764256205458231,TRAILING_STOP,3,False,14.42722041221704,53.0,1.370304010669738,True,False,1.0194859705752726,22.386326548035026,1.6855500676702546,13.07998023758942,-112.53685189063552,6,3,34.71871116416021
2025-08-14 07:45:00,LONG,V12_LONG,-1.6628315015179247,26.337168498482075,-5.079469503918434,TRAILING_STOP,2,False,18.87900404664832,57.49999999999999,1.1318452735975393,True,False,0.924556542794244,28.30301286390835,0.8806660777886582,19.362876394106884,-64.72326543824586,7,3,26.812008118935605
2025-08-15 04:15:00,SHORT,V12_SHORT,29.58004315918832,45.58004315918832,-0.18124945824360217,TIGHT_TS,6,True,85.0606519554419,0.5,0.9172578834520613,False,True,-1.0756151477295106,16.105225724595922,1.1670711276386037,7.878634041160295,35.821884497046,4,4,10.348840595045473
2025-08-17 04:15:00,SHORT,V12_SHORT,-27.906364347603155,0.0,-39.01117572028131,TIME_EXIT,10,False,86.07632093933444,19.5,0.3488882984269852,False,True,-0.03837897636327952,9.032476518876159,0.9713878329950641,5.720247418687217,23.144590380940805,4,6,5.0623508922410725
2025-08-23 03:45:00,LONG,V12_LONG,24.301545131958633,40.30154513195863,0.0,TIGHT_TS,8,True,18.819883900824124,70.0,1.2063743676326057,True,False,1.348451819733952,29.53403950880467,0.4337211625167326,16.349611175286913,-94.82478718444418,3,5,16.361686639045868
2025-08-29 12:30:00,SHORT,V12_SHORT,187.527815468114,203.527815468114,-20.856625961104204,TIGHT_TS,6,True,82.04317787036213,56.99999999999999,0.7574124038887616,False,True,-1.1985064015107674,18.074349135658316,1.011283517496432,10.23862405514105,45.56077840067341,12,4,106.42695612844894
2025-08-31 00:30:00,SHORT,V12_SHORT,-10.101972959181555,5.8980270408184445,-25.09110991235824,TIGHT_TS,6,False,80.19621116877792,4.0,0.5388820442370488,False,True,-0.015887167373442528,7.704957889701184,0.598919475598653,3.7639944766387856,33.508030565088426,0,6,32.14383236382013
2025-09-07 02:00:00,SHORT,V12_SHORT,-13.391648225899933,2.608351774100066,-18.415886355116402,TIGHT_TS,6,False,82.72919048616087,19.0,0.3352276703081136,False,True,-0.4525016553877626,7.3798335987544075,0.9620056224528357,4.190568858557686,28.545250018143868,2,6,6.5005228917479565
2025-09-20 07:30:00,SHORT,V12_SHORT,8.634797107491075,22.56273351708881,-3.70064714743583,TIME_EXIT,10,True,81.79720199529672,2.5,0.4456146754525893,False,True,-0.5630127477011441,4.858517412321146,0.4833614462962714,4.259561988838779,13.78894563839997,7,5,16.236267276804906
2025-09-23 07:45:00,SHORT,V12_SHORT,5.966550042872729,21.96655004287273,-16.92190114203559,TIGHT_TS,8,True,86.22956813780621,49.5,0.8625560105337927,False,True,-0.7055099835114882,16.477355076895837,0.9221408611111768,7.67080001906451,15.472910215002516,7,1,16.49834516946808
2025-09-30 09:30:00,LONG,V12_LONG,-7.010204484436738,8.989795515563262,-28.976756461952057,TIGHT_TS,6,False,16.90704744986816,68.0,1.1093323860342161,True,False,0.6911518546421476,16.503515333026463,0.933840617053027,11.652000049276465,-58.56315908900417,9,1,34.78732811564659
2025-10-01 10:15:00,SHORT,BULL_SHORT,-36.62784639071454,1.3721536092854658,-30.916040286429563,TRAILING_STOP,4,False,91.46988979380242,88.0,1.015323239837143,True,False,2.107054974061395,33.312097167170926,0.4444124201527439,22.051605591606258,150.85688702417693,10,2,13.589052296085443
2025-10-05 08:45:00,LONG,V12_LONG,-108.00722334585403,0.0,-166.59924877203076,TIME_EXIT,10,False,16.367415568944466,69.0,1.3356706707972303,True,False,1.955476050018623,19.673296444950573,0.4453292591679463,7.985956836062737,-23.660203853941496,8,6,9.961797325900724
2025-10-09 23:45:00,SHORT,V12_SHORT,-1.7515562941745273,14.248443705825473,-17.402252676073175,TIGHT_TS,7,False,80.04581762461392,7.000000000000001,0.5669159458824568,False,True,-0.3829603937894584,14.242723430064462,0.535229993826794,8.419177977571763,15.813405930881059,23,3,32.527716040453356
2025-10-11 11:15:00,SHORT,V12_SHORT,-10.227859368045923,27.772140631954077,-10.383622607921986,TRAILING_STOP,3,False,82.25048981480607,48.0,3.9356809443870406,False,True,-5.052955653383159,28.886175300314385,0.5402441727193998,16.48634733294419,63.381861839720955,11,5,57.85491766800178
2025-10-11 20:45:00,LONG,BEAR_LONG,38.205282090849366,66.20528209084937,-28.24436994772824,TRAILING_STOP,2,True,7.991749182301021,57.99999999999999,3.1979670196476295,False,True,-5.328885247404381,34.22474056671534,1.1923827344388938,16.53016566670214,-138.20519669914063,20,5,106.88468536163786
2025-10-12 06:15:00,SHORT,V12_SHORT,24.704481816990764,40.704481816990764,-0.020547892582271292,TIGHT_TS,7,True,80.97559643300983,47.0,2.5056175563699856,False,True,-2.184497635187035,29.888603581867795,0.792150831404679,18.299808223234724,104.80501644439647,6,6,37.4266462569506
2025-10-13 11:15:00,LONG,V12_LONG,69.29035571203337,97.29035571203337,0.0,TRAILING_STOP,5,True,15.21217259028019,40.0,0.5737644828762559,True,False,0.7337500283283249,24.70311316881723,2.8674476615471547,16.97563513139528,-61.10231268735177,11,0,86.95010961048085
2025-10-17 07:00:00,LONG,BEAR_LONG,-20.757332130583272,7.24266786941673,-52.41545561792893,TRAILING_STOP,1,False,9.464519838288723,54.50000000000001,1.518255694025624,False,True,-3.7886290911800744,34.80010302754283,2.516312358815137,24.964591829431185,-199.17095199120521,7,4,66.60619031152257
2025-10-17 07:45:00,LONG,BEAR_LONG,-20.1994627663986,7.800537233601399,-106.85505342752671,TRAILING_STOP,2,False,2.752132292895709,70.0,1.6915452674555225,False,True,-4.257522058360165,45.69054554222803,1.9540871466829028,25.00282030562389,-282.3036585713231,7,4,43.253221626611634
2025-10-17 08:45:00,LONG,BEAR_LONG,42.77221603445561,70.77221603445561,0.0,TRAILING_STOP,2,True,1.9386602255681993,90.5,1.96542785961008,False,True,-4.813047202320915,63.49393228802423,0.7204924128029697,27.296247477916115,-254.1281294512846,8,4,47.82981031112578
2025-10-21 07:00:00,SHORT,V12_SHORT,91.63478516634598,129.63478516634598,0.0,TRAILING_STOP,1,True,80.36130854392087,64.5,0.41679510278601306,False,True,-0.05533257983221643,35.867178728517324,2.011052070757277,27.335465311298112,126.0320800832903,7,1,45.08709937160813
2025-10-22 21:45:00,SHORT,V12_SHORT,-2.843629261227896,35.156370738772104,-21.578433378323925,TRAILING_STOP,4,False,82.8401957163949,7.5,0.5605017543296948,False,True,-0.06270305605833534,24.49170701862913,1.042268517491383,15.64553344643635,60.41246118282429,21,2,20.567447391932294
2025-10-23 15:45:00,LONG,V12_LONG,30.184313183668714,46.18431318366871,-17.269186731289373,TIGHT_TS,6,True,18.005924828735502,26.5,0.5521864175153277,True,False,0.5211380574424227,32.29055113053859,0.9600930672186575,17.873440660790127,-77.33988980539891,15,3,12.777702539717769
2025-10-27 15:30:00,LONG,V12_LONG,-8.357908950765108,19.642091049234892,-21.97508651051309,TRAILING_STOP,2,False,12.037915860318137,54.0,1.1324863982046895,True,False,0.8117258753614166,21.703798831577394,1.4228889832339435,8.697238431637587,-88.82505535762441,15,0,17.200706139772638
2025-10-29 01:15:00,SHORT,V12_SHORT,8.307006245618922,24.307006245618922,-30.00506425387871,TIGHT_TS,6,True,82.07809536057599,8.0,0.4958050171785874,False,True,-0.9149392037159094,17.213311881938324,0.9828727640275273,9.311680473013686,29.909866716019188,1,2,26.45470418646222
2025-10-30 02:15:00,SHORT,V12_SHORT,122.02866781027649,138.0286678102765,0.0,TIGHT_TS,9,True,85.42206123148421,87.0,1.2783763633148175,False,True,-1.1587993917589356,41.08507320832106,0.5912923841868196,30.376658411490823,202.7253502644416,2,3,16.28134509124512
2025-11-04 12:45:00,LONG,BEAR_LONG,72.01826132885039,100.01826132885039,-16.345825677692467,TRAILING_STOP,3,True,8.844763385663654,96.0,2.6243635945456556,False,True,-5.754184927850466,64.54734045085527,0.8826564655970796,28.243714130706636,-231.21115621470028,12,1,60.63973244519101
2025-11-04 23:15:00,SHORT,V12_SHORT,10.853755405727632,48.85375540572763,-32.08190724747333,TRAILING_STOP,5,True,82.49526354086649,72.0,2.7756845580017036,False,True,-2.830683674031938,49.10564881081303,0.5386186740690591,29.751170838074092,78.49412461735989,23,1,37.88690595823679
2025-11-11 00:30:00,LONG,V12_LONG,-3.7635375527641273,24.236462447235873,-24.90932740247726,TRAILING_STOP,5,False,17.52177609825219,51.5,0.867750665479249,True,False,0.24657143055002062,29.077478206414195,0.7368656980184594,15.973173629511706,-110.72114382219654,0,1,42.32387591569523
2025-11-13 12:45:00,LONG,BEAR_LONG,-8.338076110262389,19.66192388973761,-96.14211559879304,TRAILING_STOP,4,False,0.0,96.0,1.010593466525988,False,True,-3.6177891654736887,55.72301319431724,1.5572734379789304,9.788281701554222,-197.88594970499892,12,3,83.61337826161152
2025-11-13 18:00:00,SHORT,V12_SHORT,122.56400497946674,160.56400497946674,0.0,TRAILING_STOP,2,True,83.57029764667716,70.5,1.7886832314191983,False,True,-1.9242625733404062,44.05471283790284,0.9734607149892643,18.149585428160627,163.4202153133451,18,3,29.626450402507334
2025-11-14 21:45:00,SHORT,V12_SHORT,60.021147161065386,76.02114716106539,0.0,TIGHT_TS,6,True,80.62242524867597,24.5,2.561002385444916,False,True,-2.206721204905683,43.720146664610205,1.3865542985123807,21.0040721047521,142.7461143980491,21,4,47.96494289387552
2025-11-18 05:00:00,SHORT,V12_SHORT,-1.3289132065125955,36.671086793487405,-47.325538950372334,TRAILING_STOP,4,False,89.45265449828577,52.0,2.433390916648342,False,True,-2.6049742846826187,38.83621403192912,0.6015602889703925,23.385306183758445,96.25068019778034,5,1,28.66772179733464
2025-11-19 17:30:00,SHORT,V12_SHORT,-30.878340618325858,7.121659381674144,-29.232309426902546,TRAILING_STOP,2,False,81.9809860711919,72.0,1.4966636858599052,False,True,-0.137913719871389,54.18933691306099,0.18861108096721294,25.709154759949687,143.96197517681995,17,2,97.61513102966397
2025-12-01 17:15:00,SHORT,V12_SHORT,-23.825777540598345,14.174222459401653,-19.644772338608902,TRAILING_STOP,1,False,84.10226664286954,75.5,2.4292801077978248,False,True,-2.521861066732636,42.306861057604394,0.5964900133032397,20.29295397110441,161.08080873946724,17,0,33.19639632147098
2025-12-08 09:30:00,LONG,V12_LONG,-24.668852339843365,3.3311476601566343,-69.50086087892855,TRAILING_STOP,2,False,16.537754830720658,85.5,0.8543359835257603,True,False,0.02301210203754988,47.79445983923381,1.994145040691093,26.64692955934066,-98.13954897615427,9,0,98.95482183123067
2025-12-09 16:15:00,LONG,V12_LONG,-20.713731356462503,7.286268643537496,-14.393349050803915,TRAILING_STOP,1,False,16.356664516186854,66.5,1.3112651465743885,True,False,1.6989642452848979,42.37829456646377,0.7512509040343277,26.682523242442194,-139.4304641482906,16,1,56.22733160621755
2025-12-10 18:00:00,LONG,V12_LONG,-19.269565217390543,8.730434782609455,-27.17391304347826,TRAILING_STOP,2,False,18.51497822720843,89.0,0.5063701693618333,True,False,0.16390247632189936,49.15597815496367,0.36992209768313916,16.87367667634637,-15.584348593517976,18,2,18.69565014177716
2025-12-15 12:00:00,LONG,BEAR_LONG,-12.360855238134954,15.639144761865046,-34.51562161261001,TRAILING_STOP,2,False,9.218244786166153,100.0,1.053690703876696,False,True,-4.003436048530685,62.10658886511512,0.4994800096271875,34.40481809603594,-146.61010012698208,12,0,64.5055018918992
2025-12-16 05:30:00,SHORT,V12_SHORT,8.795032255617109,24.79503225561711,-93.10266725379424,TIGHT_TS,9,True,82.00458414029615,56.49999999999999,1.6666604654891486,False,True,-1.393570258692458,31.86489413413984,1.6408751176738023,30.359524274677636,81.13235975892383,5,1,27.203712241498117
2025-12-24 07:15:00,SHORT,V12_SHORT,6.6147423323055605,44.61474233230556,-2.2864397765036846,TRAILING_STOP,4,True,80.27740050211983,4.5,0.6037703048312443,False,True,-0.6631300149900748,15.375176080800978,0.7868915267463745,9.648575710507448,42.153931240104534,7,2,19.24315077541533
2025-12-26 14:45:00,SHORT,V12_SHORT,17.250879552650233,33.25087955265023,-20.542679190875017,TIGHT_TS,8,True,84.29231605654269,57.99999999999999,0.15593463698304832,False,True,-0.38723937800731834,17.918618792301537,0.5615827445614815,7.177873770812239,22.47632051102439,14,4,14.728454954941885
2025-12-29 04:00:00,LONG,V12_LONG,-23.786149465436274,4.213850534563726,-34.710432079483645,TRAILING_STOP,1,False,11.430893884860907,92.5,0.9665115908505764,True,False,0.2469948563756015,22.645183732138733,0.7873501951356787,12.109859133180258,-36.034960772033045,4,0,130.74382160385804
