horizon,blocked_regimes,exit_strategy,trailing_pct,timeout,total_pnl,total_pnl_pct,win_rate,total_trades,profit_factor,max_drawdown_pct,sharpe,expectancy,time_seconds,time_data_split,time_build_similarity,time_init_decision,time_walk_forward,time_calc_metrics
15,"HIGH_VOL,TREND_LOW_VOL",TP_ONLY,0.0,0,-40.6235200751656,-0.40623520075165603,50.94850948509485,369,0.8978417104011635,1.2024703985993255,-0.017925136226358964,-0.11009084031210188,517.7057874202728,0,0,0,0,0
15,"HIGH_VOL,TREND_LOW_VOL",TP+TRAIL_0.5%,0.005,0,-40.6235200751656,-0.40623520075165603,50.94850948509485,369,0.8978417104011635,1.2024703985993255,-0.017925136226358964,-0.11009084031210188,517.9378395080566,0,0,0,0,0
15,"HIGH_VOL,TREND_LOW_VOL",TP+TRAIL_1%,0.01,0,-40.6235200751656,-0.40623520075165603,50.94850948509485,369,0.8978417104011635,1.2024703985993255,-0.017925136226358964,-0.11009084031210188,517.6643178462982,0,0,0,0,0
15,"HIGH_VOL,TREND_LOW_VOL",TP+TRAIL_2%,0.02,0,-40.6235200751656,-0.40623520075165603,50.94850948509485,369,0.8978417104011635,1.2024703985993255,-0.017925136226358964,-0.11009084031210188,519.2710468769073,0,0,0,0,0
15,TREND_LOW_VOL,TP+TRAIL_2%,0.02,0,-40.6235200751656,-0.40623520075165603,50.94850948509485,369,0.8978417104011635,1.2024703985993255,-0.017925136226358964,-0.11009084031210188,515.1657633781433,0,0,0,0,0
15,TREND_LOW_VOL,TP+TRAIL_1%,0.01,0,-40.6235200751656,-0.40623520075165603,50.94850948509485,369,0.8978417104011635,1.2024703985993255,-0.017925136226358964,-0.11009084031210188,516.7517552375793,0,0,0,0,0
15,TREND_LOW_VOL,TP+TRAIL_0.5%,0.005,0,-40.6235200751656,-0.40623520075165603,50.94850948509485,369,0.8978417104011635,1.2024703985993255,-0.017925136226358964,-0.11009084031210188,513.4696571826935,0,0,0,0,0
15,TREND_LOW_VOL,TP_ONLY,0.0,0,-40.6235200751656,-0.40623520075165603,50.94850948509485,369,0.8978417104011635,1.2024703985993255,-0.017925136226358964,-0.11009084031210188,514.0024616718292,0,0,0,0,0
120,"HIGH_VOL,TREND_LOW_VOL",TP_ONLY,0.0,0,-742.5438595994374,-7.4254385959943745,99.09909909909909,111,0.6322153595639077,20.189637574831377,-0.03470484337337698,-6.689584320715652,429.5876042842865,0,0,0,0,0
120,TREND_LOW_VOL,TP_ONLY,0.0,0,-742.5438595994374,-7.4254385959943745,99.09909909909909,111,0.6322153595639077,20.189637574831377,-0.03470484337337698,-6.689584320715652,243.11347484588623,0,0,0,0,0
120,NONE,TP_ONLY,0.0,0,-805.1788388983819,-8.05178838898382,99.05660377358491,106,0.6011920293694984,20.189637574831377,-0.038510488398158176,-7.596026782060206,243.1638526916504,0,0,0,0,0
120,TREND_HIGH_VOL,TP_ONLY,0.0,0,-805.1788388983819,-8.05178838898382,99.05660377358491,106,0.6011920293694984,20.189637574831377,-0.038510488398158176,-7.596026782060206,349.58508038520813,0,0,0,0,0
120,HIGH_VOL,TP_ONLY,0.0,0,-805.1788388983819,-8.05178838898382,99.05660377358491,106,0.6011920293694984,20.189637574831377,-0.038510488398158176,-7.596026782060206,220.50898575782776,0,0,0,0,0
120,TREND_LOW_VOL,TP+TRAIL_0.5%,0.005,0,-867.0283284596492,-8.670283284596492,51.08695652173913,276,0.6522932067771956,13.49394414317956,-0.03965292714050796,-3.1414069871726413,490.95741057395935,0,0,0,0,0
120,"HIGH_VOL,TREND_LOW_VOL",TP+TRAIL_0.5%,0.005,0,-867.0283284596492,-8.670283284596492,51.08695652173913,276,0.6522932067771956,13.49394414317956,-0.03965292714050796,-3.1414069871726413,736.7512347698212,0,0,0,0,0
120,"HIGH_VOL,TREND_LOW_VOL",TP+TRAIL_2%,0.02,0,-870.4129700829926,-8.704129700829927,96.49122807017544,114,0.5946904589340435,20.189637574831377,-0.040127677577781365,-7.63520149195608,372.2023253440857,0,0,0,0,0
120,TREND_LOW_VOL,TP+TRAIL_2%,0.02,0,-870.4129700829926,-8.704129700829927,96.49122807017544,114,0.5946904589340435,20.189637574831377,-0.040127677577781365,-7.63520149195608,359.6021728515625,0,0,0,0,0
120,TREND_HIGH_VOL,TP+TRAIL_2%,0.02,0,-889.8344473704203,-8.898344473704203,96.49122807017544,114,0.5866115176057103,20.189637574831377,-0.04102430507286779,-7.805565327810709,250.8450767993927,0,0,0,0,0
120,NONE,TP+TRAIL_2%,0.02,0,-889.8344473704203,-8.898344473704203,96.49122807017544,114,0.5866115176057103,20.189637574831377,-0.04102430507286779,-7.805565327810709,230.00273513793945,0,0,0,0,0
120,HIGH_VOL,TP+TRAIL_2%,0.02,0,-889.8344473704203,-8.898344473704203,96.49122807017544,114,0.5866115176057103,20.189637574831377,-0.04102430507286779,-7.805565327810709,231.43585324287415,0,0,0,0,0
120,HIGH_VOL,TP+TRAIL_0.5%,0.005,0,-918.3665821781449,-9.18366582178145,48.85245901639344,305,0.6556718196507241,13.776009576135076,-0.03992164432278686,-3.011037974354573,442.9609158039093,0,0,0,0,0
120,NONE,TP+TRAIL_0.5%,0.005,0,-918.3665821781449,-9.18366582178145,48.85245901639344,305,0.6556718196507241,13.776009576135076,-0.03992164432278686,-3.011037974354573,432.16763401031494,0,0,0,0,0
120,TREND_HIGH_VOL,TP+TRAIL_0.5%,0.005,0,-918.3665821781449,-9.18366582178145,48.85245901639344,305,0.6556718196507241,13.776009576135076,-0.03992164432278686,-3.011037974354573,519.8315434455872,0,0,0,0,0
120,NONE,TP+TRAIL_1%,0.01,0,-1044.9018307647161,-10.44901830764716,73.91304347826086,69,0.37588932649548734,13.885915176260477,-0.09586864153766583,-15.143504793691537,165.19099187850952,0,0,0,0,0
120,HIGH_VOL,TP+TRAIL_1%,0.01,0,-1044.9018307647161,-10.44901830764716,73.91304347826086,69,0.37588932649548734,13.885915176260477,-0.09586864153766583,-15.143504793691537,173.51623225212097,0,0,0,0,0
120,TREND_HIGH_VOL,TP+TRAIL_1%,0.01,0,-1044.9018307647161,-10.44901830764716,73.91304347826086,69,0.37588932649548734,13.885915176260477,-0.09586864153766583,-15.143504793691537,161.59808111190796,0,0,0,0,0
120,"HIGH_VOL,TREND_LOW_VOL",TP+TRAIL_1%,0.01,0,-1094.937762495911,-10.949377624959112,81.76470588235294,170,0.592055603025815,20.189637574831377,-0.04132988485336844,-6.44081036762301,489.0952606201172,0,0,0,0,0
120,TREND_LOW_VOL,TP+TRAIL_1%,0.01,0,-1094.937762495911,-10.949377624959112,81.76470588235294,170,0.592055603025815,20.189637574831377,-0.04132988485336844,-6.44081036762301,323.3515155315399,0,0,0,0,0
30,NONE,TP_ONLY,0.0,0,-1457.7918845472884,-14.577918845472885,99.2094861660079,253,0.49879436215513834,29.06953145313471,-0.031462908898738054,-5.762023259080191,350.84072947502136,0,0,0,0,0
30,NONE,TP+TRAIL_1%,0.01,0,-1457.7918845472884,-14.577918845472885,99.2094861660079,253,0.49879436215513834,29.06953145313471,-0.031462908898738054,-5.762023259080191,353.46533036231995,0,0,0,0,0
30,NONE,TP+TRAIL_2%,0.02,0,-1457.7918845472884,-14.577918845472885,99.2094861660079,253,0.49879436215513834,29.06953145313471,-0.031462908898738054,-5.762023259080191,350.9093244075775,0,0,0,0,0
30,HIGH_VOL,TP_ONLY,0.0,0,-1457.7918845472884,-14.577918845472885,99.2094861660079,253,0.49879436215513834,29.06953145313471,-0.031462908898738054,-5.762023259080191,349.1982367038727,0,0,0,0,0
30,TREND_HIGH_VOL,TP_ONLY,0.0,0,-1457.7918845472884,-14.577918845472885,99.2094861660079,253,0.49879436215513834,29.06953145313471,-0.031462908898738054,-5.762023259080191,420.01664185523987,0,0,0,0,0
30,TREND_HIGH_VOL,TP+TRAIL_1%,0.01,0,-1457.7918845472884,-14.577918845472885,99.2094861660079,253,0.49879436215513834,29.06953145313471,-0.031462908898738054,-5.762023259080191,441.0643367767334,0,0,0,0,0
30,HIGH_VOL,TP+TRAIL_2%,0.02,0,-1457.7918845472884,-14.577918845472885,99.2094861660079,253,0.49879436215513834,29.06953145313471,-0.031462908898738054,-5.762023259080191,351.2436294555664,0,0,0,0,0
30,HIGH_VOL,TP+TRAIL_1%,0.01,0,-1457.7918845472884,-14.577918845472885,99.2094861660079,253,0.49879436215513834,29.06953145313471,-0.031462908898738054,-5.762023259080191,353.45870876312256,0,0,0,0,0
30,TREND_HIGH_VOL,TP+TRAIL_2%,0.02,0,-1457.7918845472884,-14.577918845472885,99.2094861660079,253,0.49879436215513834,29.06953145313471,-0.031462908898738054,-5.762023259080191,423.30954790115356,0,0,0,0,0
10,"HIGH_VOL,TREND_LOW_VOL",TP+TRAIL_0.5%,0.005,0,-1492.4445583321763,-14.924445583321763,7.6923076923076925,481,0.018569658350730867,14.936615702620912,-0.5954087883089416,-3.1027953395679355,696.9186549186707,0,0,0,0,0
10,"HIGH_VOL,TREND_LOW_VOL",TP+TRAIL_1%,0.01,0,-1492.4445583321763,-14.924445583321763,7.6923076923076925,481,0.018569658350730867,14.936615702620912,-0.5954087883089416,-3.1027953395679355,696.5127160549164,0,0,0,0,0
10,"HIGH_VOL,TREND_LOW_VOL",TP+TRAIL_2%,0.02,0,-1492.4445583321763,-14.924445583321763,7.6923076923076925,481,0.018569658350730867,14.936615702620912,-0.5954087883089416,-3.1027953395679355,697.2690858840942,0,0,0,0,0
10,TREND_LOW_VOL,TP_ONLY,0.0,0,-1492.4445583321763,-14.924445583321763,7.6923076923076925,481,0.018569658350730867,14.936615702620912,-0.5954087883089416,-3.1027953395679355,687.8669409751892,0,0,0,0,0
10,TREND_LOW_VOL,TP+TRAIL_0.5%,0.005,0,-1492.4445583321763,-14.924445583321763,7.6923076923076925,481,0.018569658350730867,14.936615702620912,-0.5954087883089416,-3.1027953395679355,688.4077320098877,0,0,0,0,0
10,TREND_LOW_VOL,TP+TRAIL_1%,0.01,0,-1492.4445583321763,-14.924445583321763,7.6923076923076925,481,0.018569658350730867,14.936615702620912,-0.5954087883089416,-3.1027953395679355,686.6599864959717,0,0,0,0,0
10,TREND_LOW_VOL,TP+TRAIL_2%,0.02,0,-1492.4445583321763,-14.924445583321763,7.6923076923076925,481,0.018569658350730867,14.936615702620912,-0.5954087883089416,-3.1027953395679355,691.2704043388367,0,0,0,0,0
10,"HIGH_VOL,TREND_LOW_VOL",TP_ONLY,0.0,0,-1492.4445583321763,-14.924445583321763,7.6923076923076925,481,0.018569658350730867,14.936615702620912,-0.5954087883089416,-3.1027953395679355,739.6274676322937,0,0,0,0,0
30,"HIGH_VOL,TREND_LOW_VOL",TP+TRAIL_1%,0.01,0,-1572.555711132933,-15.72555711132933,99.16317991631799,239,0.4593372369542817,29.06953145313471,-0.03492150764188244,-6.579731008924404,383.5727276802063,0,0,0,0,0
30,"HIGH_VOL,TREND_LOW_VOL",TP+TRAIL_2%,0.02,0,-1572.555711132933,-15.72555711132933,99.16317991631799,239,0.4593372369542817,29.06953145313471,-0.03492150764188244,-6.579731008924404,391.8017153739929,0,0,0,0,0
30,TREND_LOW_VOL,TP_ONLY,0.0,0,-1572.555711132933,-15.72555711132933,99.16317991631799,239,0.4593372369542817,29.06953145313471,-0.03492150764188244,-6.579731008924404,359.0122694969177,0,0,0,0,0
30,"HIGH_VOL,TREND_LOW_VOL",TP_ONLY,0.0,0,-1572.555711132933,-15.72555711132933,99.16317991631799,239,0.4593372369542817,29.06953145313471,-0.03492150764188244,-6.579731008924404,375.5702769756317,0,0,0,0,0
30,TREND_LOW_VOL,TP+TRAIL_1%,0.01,0,-1572.555711132933,-15.72555711132933,99.16317991631799,239,0.4593372369542817,29.06953145313471,-0.03492150764188244,-6.579731008924404,361.1997847557068,0,0,0,0,0
30,TREND_LOW_VOL,TP+TRAIL_2%,0.02,0,-1572.555711132933,-15.72555711132933,99.16317991631799,239,0.4593372369542817,29.06953145313471,-0.03492150764188244,-6.579731008924404,359.56439208984375,0,0,0,0,0
30,HIGH_VOL,TP+TRAIL_0.5%,0.005,0,-1731.951476944006,-17.319514769440058,95.43726235741445,263,0.45494216496164747,29.06953145313471,-0.03665525444386223,-6.585366832486714,377.25476026535034,0,0,0,0,0
30,NONE,TP+TRAIL_0.5%,0.005,0,-1731.951476944006,-17.319514769440058,95.43726235741445,263,0.45494216496164747,29.06953145313471,-0.03665525444386223,-6.585366832486714,358.3214819431305,0,0,0,0,0
30,TREND_HIGH_VOL,TP+TRAIL_0.5%,0.005,0,-1731.951476944006,-17.319514769440058,95.43726235741445,263,0.45494216496164747,29.06953145313471,-0.03665525444386223,-6.585366832486714,442.2018473148346,0,0,0,0,0
30,TREND_LOW_VOL,TP+TRAIL_0.5%,0.005,0,-1801.3765672166662,-18.013765672166663,95.95141700404858,247,0.4240192533066505,29.069531453134694,-0.03934470953263596,-7.293022539338727,364.56562781333923,0,0,0,0,0
30,"HIGH_VOL,TREND_LOW_VOL",TP+TRAIL_0.5%,0.005,0,-1801.3765672166662,-18.013765672166663,95.95141700404858,247,0.4240192533066505,29.069531453134694,-0.03934470953263596,-7.293022539338727,389.0485694408417,0,0,0,0,0
15,HIGH_VOL,TP+TRAIL_2%,0.02,0,-4055.682524072874,-40.55682524072874,50.0,322,0.0768394468459212,41.436539936847176,-0.054672586454478145,-12.595287341841223,408.40567207336426,0,0,0,0,0
15,HIGH_VOL,TP+TRAIL_1%,0.01,0,-4055.682524072874,-40.55682524072874,50.0,322,0.0768394468459212,41.436539936847176,-0.054672586454478145,-12.595287341841223,419.6846513748169,0,0,0,0,0
15,HIGH_VOL,TP+TRAIL_0.5%,0.005,0,-4055.682524072874,-40.55682524072874,50.0,322,0.0768394468459212,41.436539936847176,-0.054672586454478145,-12.595287341841223,458.2012183666229,0,0,0,0,0
15,HIGH_VOL,TP_ONLY,0.0,0,-4055.682524072874,-40.55682524072874,50.0,322,0.0768394468459212,41.436539936847176,-0.054672586454478145,-12.595287341841223,458.18532514572144,0,0,0,0,0
15,TREND_HIGH_VOL,TP_ONLY,0.0,0,-4055.682524072874,-40.55682524072874,50.0,322,0.0768394468459212,41.436539936847176,-0.054672586454478145,-12.595287341841223,410.31418538093567,0,0,0,0,0
15,TREND_HIGH_VOL,TP+TRAIL_0.5%,0.005,0,-4055.682524072874,-40.55682524072874,50.0,322,0.0768394468459212,41.436539936847176,-0.054672586454478145,-12.595287341841223,412.46842765808105,0,0,0,0,0
15,TREND_HIGH_VOL,TP+TRAIL_1%,0.01,0,-4055.682524072874,-40.55682524072874,50.0,322,0.0768394468459212,41.436539936847176,-0.054672586454478145,-12.595287341841223,413.1050100326538,0,0,0,0,0
15,TREND_HIGH_VOL,TP+TRAIL_2%,0.02,0,-4055.682524072874,-40.55682524072874,50.0,322,0.0768394468459212,41.436539936847176,-0.054672586454478145,-12.595287341841223,415.1508870124817,0,0,0,0,0
15,NONE,TP+TRAIL_2%,0.02,0,-4055.682524072874,-40.55682524072874,50.0,322,0.0768394468459212,41.436539936847176,-0.054672586454478145,-12.595287341841223,459.2337121963501,0,0,0,0,0
15,NONE,TP+TRAIL_1%,0.01,0,-4055.682524072874,-40.55682524072874,50.0,322,0.0768394468459212,41.436539936847176,-0.054672586454478145,-12.595287341841223,455.3478455543518,0,0,0,0,0
15,NONE,TP+TRAIL_0.5%,0.005,0,-4055.682524072874,-40.55682524072874,50.0,322,0.0768394468459212,41.436539936847176,-0.054672586454478145,-12.595287341841223,458.06399965286255,0,0,0,0,0
15,NONE,TP_ONLY,0.0,0,-4055.682524072874,-40.55682524072874,50.0,322,0.0768394468459212,41.436539936847176,-0.054672586454478145,-12.595287341841223,456.94553303718567,0,0,0,0,0
10,HIGH_VOL,TP_ONLY,0.0,0,-6117.411216735081,-61.17411216735081,8.264462809917356,363,0.004079081207976535,61.186282286649906,-0.06324161818847769,-16.852372497892787,443.59399938583374,0,0,0,0,0
10,HIGH_VOL,TP+TRAIL_0.5%,0.005,0,-6117.411216735081,-61.17411216735081,8.264462809917356,363,0.004079081207976535,61.186282286649906,-0.06324161818847769,-16.852372497892787,445.4428701400757,0,0,0,0,0
10,HIGH_VOL,TP+TRAIL_1%,0.01,0,-6117.411216735081,-61.17411216735081,8.264462809917356,363,0.004079081207976535,61.186282286649906,-0.06324161818847769,-16.852372497892787,443.9700458049774,0,0,0,0,0
10,HIGH_VOL,TP+TRAIL_2%,0.02,0,-6117.411216735081,-61.17411216735081,8.264462809917356,363,0.004079081207976535,61.186282286649906,-0.06324161818847769,-16.852372497892787,487.1280906200409,0,0,0,0,0
10,NONE,TP_ONLY,0.0,0,-6117.411216735081,-61.17411216735081,8.264462809917356,363,0.004079081207976535,61.186282286649906,-0.06324161818847769,-16.852372497892787,450.9066712856293,0,0,0,0,0
10,NONE,TP+TRAIL_0.5%,0.005,0,-6117.411216735081,-61.17411216735081,8.264462809917356,363,0.004079081207976535,61.186282286649906,-0.06324161818847769,-16.852372497892787,444.1278028488159,0,0,0,0,0
10,NONE,TP+TRAIL_1%,0.01,0,-6117.411216735081,-61.17411216735081,8.264462809917356,363,0.004079081207976535,61.186282286649906,-0.06324161818847769,-16.852372497892787,441.64303708076477,0,0,0,0,0
10,NONE,TP+TRAIL_2%,0.02,0,-6117.411216735081,-61.17411216735081,8.264462809917356,363,0.004079081207976535,61.186282286649906,-0.06324161818847769,-16.852372497892787,447.1403796672821,0,0,0,0,0
10,TREND_HIGH_VOL,TP_ONLY,0.0,0,-6117.411216735081,-61.17411216735081,8.264462809917356,363,0.004079081207976535,61.186282286649906,-0.06324161818847769,-16.852372497892787,498.01508927345276,0,0,0,0,0
10,TREND_HIGH_VOL,TP+TRAIL_0.5%,0.005,0,-6117.411216735081,-61.17411216735081,8.264462809917356,363,0.004079081207976535,61.186282286649906,-0.06324161818847769,-16.852372497892787,495.6145050525665,0,0,0,0,0
10,TREND_HIGH_VOL,TP+TRAIL_1%,0.01,0,-6117.411216735081,-61.17411216735081,8.264462809917356,363,0.004079081207976535,61.186282286649906,-0.06324161818847769,-16.852372497892787,495.9224364757538,0,0,0,0,0
10,TREND_HIGH_VOL,TP+TRAIL_2%,0.02,0,-6117.411216735081,-61.17411216735081,8.264462809917356,363,0.004079081207976535,61.186282286649906,-0.06324161818847769,-16.852372497892787,496.25435495376587,0,0,0,0,0
