feature,horizon,q1_mfe_median_train,q4_mfe_median_train,q4_q1_diff_train,spearman_r_train,p_value_train,q1_count_train,q4_count_train,pct_profitable_q1_train,pct_profitable_q4_train,status_train,q1_mfe_median_oos,q4_mfe_median_oos,q4_q1_diff_oos,spearman_r_oos,p_value_oos,q1_count_oos,q4_count_oos,pct_profitable_q1_oos,pct_profitable_q4_oos,status_oos
atr_pct,10,42.47068171747921,159.65238465394555,117.18170293646634,0.6272267450620453,0.0,34976,34976,87.52001372369624,100.0,OK,38.77959904702128,107.27624495289393,68.49664590587265,0.550556592469691,0.0,17483,17483,86.97019962249041,99.99428015786765,OK
keltner_width,10,42.48510432261024,159.65426008589844,117.1691557632882,0.6314053197182741,0.0,34976,34976,87.52859103385178,100.0,OK,38.76566859925383,107.3751481712106,68.60947957195677,0.5511493798945575,0.0,17483,17483,86.96447978035806,99.99428015786765,OK
bar_range_avg_10,10,42.274477312874325,159.39399652411947,117.11951921124515,0.6304026831702352,0.0,34976,34976,87.55146386093321,100.0,OK,38.86506152389872,108.01506347858079,69.15000195468207,0.5597713783431705,0.0,17483,17483,86.8786821483727,99.99428015786765,OK
atr7_pct,10,42.344189095848364,159.1935139621362,116.84932486628783,0.6353869135390091,0.0,34976,34976,87.58577310155535,100.0,OK,39.0066491338895,109.387359434941,70.3807103010515,0.562713337213221,0.0,17483,17483,86.947320253961,99.99428015786765,OK
atr21_pct,10,42.987196618879715,158.63477255190526,115.64757593302554,0.6220809116675545,0.0,34976,34976,87.55718206770356,99.99714089661482,OK,38.78258130561496,105.50943396226414,66.72685265664919,0.5388908271834644,0.0,17483,17483,87.04455757021107,99.98284047360293,OK
std20,10,44.56059637053167,153.17645988868628,108.61586351815461,0.5868981015369821,0.0,34976,34976,87.8573879231473,99.99714089661482,OK,39.42297976814416,103.50863097970867,64.08565121156451,0.5168756277589696,0.0,17483,17483,87.28479093977006,99.97140078933822,OK
recent_volatility,10,44.961529306283964,153.06793859682966,108.1064092905457,0.5797923519486092,0.0,34976,34976,87.99462488563586,100.0,OK,40.576468048569524,105.40323821384112,64.8267701652716,0.5174690702645497,0.0,17483,17483,87.82817594234399,99.98284047360293,OK
range_bps,10,45.03700932480638,152.2684723108195,107.23146298601313,0.5811559033900204,0.0,34976,34976,88.07753888380604,99.99142268984447,OK,41.69488730428835,107.42533770393942,65.73045039965106,0.5211756906037915,0.0,17483,17483,88.33724189212377,99.93708173654407,OK
donchian_width,10,47.284530010464806,147.7739916314291,100.4894616209643,0.528318802685556,0.0,34976,34976,88.48924977127173,99.91422689844465,OK,42.28020989841205,96.13245874849743,53.852248850085374,0.44640125146576715,0.0,17483,17483,88.33152204999142,99.62821026139679,OK
bb_width,10,46.67412412161737,145.60005737590794,98.92593325429057,0.539546870760624,0.0,34976,34976,88.28911253430924,99.98284537968894,OK,42.275481367260724,99.67247980510052,57.3969984378398,0.4620007514039712,0.0,17483,17483,88.16564662815306,99.95424126294114,OK
body_bps,10,61.88775354079495,134.46167040614014,72.5739168653452,0.37897301431921254,0.0,34976,34976,91.35407136322048,99.95711344922232,OK,53.17708365678118,94.53848439046122,41.36140073368004,0.3216955089917909,0.0,17483,17483,92.35257106903849,99.75404678830864,OK
ema_separation,10,59.74387374637524,132.1223520332889,72.37847828691366,0.3909209408047502,0.0,34976,34976,90.71935041171089,99.78842634949679,OK,57.670736894066536,85.80656160246086,28.135824708394324,0.231718190809211,0.0,17483,17483,93.19910770462735,99.30217925985244,OK
atr_percentile,10,72.52420713274353,107.60677310337755,35.08256597063402,0.20141132380395446,0.0,34984,34507,93.39126457809284,99.06685600023184,OK,48.31067535603264,89.38890496858467,41.07822961255203,0.34546588680206236,0.0,17788,17457,90.94895435124803,99.55318783296099,OK
hour_utc,10,73.98158118892262,91.5392174870608,17.557636298138178,0.11093316398332394,1.17662402423541e-136,40766,29170,95.5526664377177,97.44257799108674,OK,57.590430459973014,67.23252195163445,9.64209149166144,0.10851093075031007,8.345813440815773e-131,20391,17470,95.38521896915306,96.43961076130509,OK
ll_count5,10,86.47595478753229,94.01230543557922,7.536350648046934,0.02445974116955944,4.499188951139112e-08,79966,19979,96.69359477778056,97.056909755243,OK,65.96225587966683,69.58819609578808,3.6259402161212506,0.02083222416001102,3.1834243224788923e-06,39181,11364,96.19713636711673,97.02569517775432,OK
hh_count5,10,87.86704430649301,89.94468803522186,2.0776437287288445,-0.0016423294054928503,0.7134496370182433,77830,21152,96.55017345496594,97.28630862329804,OK,67.2411458691283,67.3566223182739,0.11547644914560351,-0.0054426510316267366,0.22360712443892392,38393,11724,96.40038548693772,96.82702149437053,OK
dist_from_high20,10,93.04638264787512,94.55877304870123,1.5123904008261064,0.007148865987253226,0.10992830065159778,34976,34976,97.48970722781335,96.97792772186642,OK,68.90552714128191,69.90062225058757,0.9950951093056659,0.012652600745229815,0.0046657230358632595,17483,17483,96.5680947205857,96.9970828805125,OK
range_position_50,10,96.95796960947055,97.05422224291185,0.09625263344129564,-0.006826943616293442,0.12687776991597224,34976,34976,97.70128087831657,98.12156907593778,OK,72.75672122244512,70.67692294380012,-2.0797982786450007,-0.0181659674242883,4.859835740631782e-05,17483,17483,97.7864210947778,97.01996224904192,OK
session_us,10,87.85922971817078,87.85922971817078,0.0,0.021259704892452855,1.9920124537288535e-06,139903,139903,96.75846836736882,96.75846836736882,OK,66.96149529932323,66.96149529932323,0.0,0.05970973656265477,9.93495111223693e-41,69931,69931,96.37928815546753,96.37928815546753,OK
rsi_oversold_zone,10,87.85922971817078,87.85922971817078,0.0,0.08541725210139564,1.3063161701717414e-81,139903,139903,96.75846836736882,96.75846836736882,OK,66.96149529932323,66.96149529932323,0.0,0.07412146111245443,7.389940183709775e-62,69931,69931,96.37928815546753,96.37928815546753,OK
rsi_extreme_oversold,10,87.85922971817078,87.85922971817078,0.0,0.05559518349830054,1.569794771024978e-35,139903,139903,96.75846836736882,96.75846836736882,OK,66.96149529932323,66.96149529932323,0.0,0.06737317879541976,2.1317269595105226e-51,69931,69931,96.37928815546753,96.37928815546753,OK
session_asia_night,10,87.85922971817078,87.85922971817078,0.0,-0.08375445179990912,1.587047033501779e-78,139903,139903,96.75846836736882,96.75846836736882,OK,66.96149529932323,66.96149529932323,0.0,-0.08595785700995058,1.2590113293764023e-82,69931,69931,96.37928815546753,96.37928815546753,OK
is_weekend,10,87.85922971817078,87.85922971817078,0.0,-0.16879343865973956,0.0,139903,139903,96.75846836736882,96.75846836736882,OK,66.96149529932323,66.96149529932323,0.0,-0.3242258853214235,0.0,69931,69931,96.37928815546753,96.37928815546753,OK
session_europe,10,87.85922971817078,87.85922971817078,0.0,-0.007065515286847964,0.11413493027741285,139903,139903,96.75846836736882,96.75846836736882,OK,66.96149529932323,66.96149529932323,0.0,-0.040216180511092166,2.340366200291991e-19,69931,69931,96.37928815546753,96.37928815546753,OK
dist_from_low20,10,94.55877304870123,93.04638264787512,-1.5123904008261064,-0.0036594737430040787,0.4132056085465091,34976,34976,96.97792772186642,97.48970722781335,OK,69.90062225058757,68.90552714128191,-0.9950951093056659,-0.014491350350000667,0.001193397050646479,17483,17483,96.9970828805125,96.5680947205857,OK
day_of_week,10,94.8754121085314,74.81296758104737,-20.062444527484033,-0.13910191579604925,1.8848033948960143e-214,39907,20017,98.4138121131631,93.67038017684968,OK,79.09676387744962,55.8773740043714,-23.21938987307822,-0.2663596840023258,0.0,20105,9956,99.38323800049739,92.34632382482924,OK
atr_pct,15,55.00972074279876,194.2039494509634,139.19422870816464,0.6113199168876441,0.0,34975,34975,93.29235167977127,100.0,OK,49.40812588039758,130.10346044770756,80.69533456730998,0.5244832799337665,0.0,17482,17482,93.86225832284636,100.0,OK
keltner_width,15,55.0168254419649,194.10072803626065,139.08390259429575,0.6092498121473218,0.0,34975,34975,93.29235167977127,100.0,OK,49.40662035031244,130.15778410355978,80.75116375324734,0.5246224457114543,0.0,17482,17482,93.85653815352934,100.0,OK
bar_range_avg_10,15,54.980062413316574,193.5530556543579,138.57299324104133,0.6060885890509184,0.0,34975,34975,93.31236597569693,100.0,OK,49.491865722871495,130.92856809681365,81.43670237394215,0.531791138947352,0.0,17482,17482,93.83937764557831,100.0,OK
atr7_pct,15,55.051374833103424,193.2174455616767,138.1660707285733,0.6094584287126253,0.0,34975,34975,93.30664760543245,100.0,OK,49.56646650885847,131.79137631209977,82.2249098032413,0.5348579067024948,0.0,17482,17482,93.87369866148038,100.0,OK
atr21_pct,15,55.508361544172175,192.8480189265058,137.33965738233363,0.5993289687382467,0.0,34975,34975,93.30950679056468,100.0,OK,49.576728360902706,127.98671057603185,78.40998221512915,0.5093393406376752,0.0,17482,17482,93.86797849216337,99.99427983068298,OK
std20,15,57.39934385163735,186.41830054088433,129.01895668924698,0.5644334380926979,0.0,34975,34975,93.42101501072194,100.0,OK,50.56518990668477,125.6030672899574,75.03787738327262,0.49295961003926825,0.0,17482,17482,93.9366205239675,99.99427983068298,OK
recent_volatility,15,58.09690281477298,185.30717359274064,127.21027077796765,0.5585424285655061,0.0,34975,34975,93.42959256611866,100.0,OK,51.652847927892296,127.79525313152524,76.14240520363295,0.4942489969400354,0.0,17482,17482,94.21690882050109,100.0,OK
range_bps,15,58.09701947769627,184.9708990986906,126.87387962099433,0.557603215363926,0.0,34975,34975,93.50393137955683,99.99714081486776,OK,53.19482919186915,128.7223396221076,75.52751043023845,0.486526361807706,0.0,17482,17482,94.54867864088777,99.98855966136597,OK
donchian_width,15,60.816044260028015,180.2404232669398,119.4243790069118,0.5148591712473057,0.0,34975,34975,93.75268048606146,99.9771265189421,OK,53.97457909031186,117.44047102514479,63.465891934832925,0.42777527353241707,0.0,17482,17482,94.27983068298822,99.90275712161079,OK
bb_width,15,60.24455732609317,177.53594407816306,117.29138675206988,0.5155010759878436,0.0,34975,34975,93.53252323087919,100.0,OK,53.741479011131496,120.87624396575808,67.13476495462658,0.4451082741634973,0.0,17482,17482,94.2283491591351,99.98855966136597,OK
ema_separation,15,75.64496902088267,161.55247958504495,85.90751056416228,0.38034115868649515,0.0,34975,34975,94.66190135811294,99.93995711222303,OK,72.46497704047408,106.13374885828341,33.66877181780933,0.22821801224794205,0.0,17482,17482,96.6479807802311,99.85699576707471,OK
body_bps,15,78.40666577817281,163.5471058916781,85.14044011350528,0.3726370911682753,0.0,34975,34975,94.97641172265904,99.99428162973553,OK,67.07330981386929,114.08822034902776,47.01491053515848,0.3000750144170975,0.0,17482,17482,96.37913282233154,99.89703695229379,OK
atr_percentile,15,91.95297635291232,131.12394292332263,39.170966570410314,0.17128438769454363,0.0,34980,34507,96.09491137793025,99.66093836033268,OK,61.34199704009029,109.23794654781943,47.89594950772914,0.32298237691875314,0.0,17788,17457,95.69934787497189,99.89688949991408,OK
hour_utc,15,91.81980747001893,112.81392991870689,20.99412244868796,0.10807560670612217,9.099234169080903e-130,40766,29165,97.50036795368689,98.59763415052288,OK,71.05078967571882,82.84837239167089,11.797582715952075,0.10555468273622133,7.6500020235087e-124,20391,17470,97.91574714334756,98.48311390955924,OK
ll_count5,15,107.72650356414212,115.86734056454478,8.140837000402655,0.020891259423611478,2.985415933711204e-06,79964,19979,98.23295482967336,98.45337604484709,OK,82.69849676131503,86.8696400321945,4.171143270879469,0.016212400416962054,0.0002885697402638948,39181,11363,98.31295781118399,98.69752706151544,OK
hh_count5,15,109.50462468188464,111.85363978758156,2.349015105696921,0.0006014127574497013,0.893025689036606,77827,21152,98.1921441145104,98.5107791225416,OK,84.1583924594373,84.46802697944605,0.3096345200087569,0.00042537182942859033,0.9242245489453452,38388,11724,98.39012191309784,98.65233708631867,OK
range_position_50,15,118.98707584659066,119.63779872743004,0.6507228808393819,0.004433829948837671,0.3214831725223378,34975,34975,98.79914224446033,99.01644031451036,OK,89.89686776275826,88.27473264878746,-1.6221351139707991,-0.014091967495218407,0.001626359629388547,17482,17482,99.05617206269307,98.74728291957442,OK
dist_from_high20,15,115.55347743423785,115.9885405274298,0.4350630931919568,0.0005988145998422985,0.8934850666984433,34975,34975,98.63902787705504,98.30164403145105,OK,86.55289895535807,85.83450076122779,-0.7183981941302875,0.002824948157627251,0.5276070582979813,17482,17482,98.4898753003089,98.58139800938108,OK
session_us,15,109.4869069668803,109.4869069668803,0.0,0.01517528745032997,0.0006902874664459739,139898,139898,98.28875323449942,98.28875323449942,OK,83.8389345527491,83.8389345527491,0.0,0.04993036956389307,5.624942809801751e-29,69926,69926,98.3825758659154,98.3825758659154,OK
rsi_oversold_zone,15,109.4869069668803,109.4869069668803,0.0,0.07638492179268395,1.3677928464522539e-65,139898,139898,98.28875323449942,98.28875323449942,OK,83.8389345527491,83.8389345527491,0.0,0.07074996396743632,1.657988483576426e-56,69926,69926,98.3825758659154,98.3825758659154,OK
rsi_extreme_oversold,15,109.4869069668803,109.4869069668803,0.0,0.05540221590696484,2.695230041321934e-35,139898,139898,98.28875323449942,98.28875323449942,OK,83.8389345527491,83.8389345527491,0.0,0.05444782326432847,3.799540156436798e-34,69926,69926,98.3825758659154,98.3825758659154,OK
session_asia_night,15,109.4869069668803,109.4869069668803,0.0,-0.09128543085539334,5.506461625746199e-93,139898,139898,98.28875323449942,98.28875323449942,OK,83.8389345527491,83.8389345527491,0.0,-0.1083220775880807,2.355577308293346e-130,69926,69926,98.3825758659154,98.3825758659154,OK
is_weekend,15,109.4869069668803,109.4869069668803,0.0,-0.17469225544710515,0.0,139898,139898,98.28875323449942,98.28875323449942,OK,83.8389345527491,83.8389345527491,0.0,-0.32381359510547614,0.0,69926,69926,98.3825758659154,98.3825758659154,OK
session_europe,15,109.4869069668803,109.4869069668803,0.0,0.024075919911188758,7.277357224150285e-08,139898,139898,98.28875323449942,98.28875323449942,OK,83.8389345527491,83.8389345527491,0.0,0.02303859371729059,2.575290934068527e-07,69926,69926,98.3825758659154,98.3825758659154,OK
dist_from_low20,15,115.9885405274298,115.55347743423785,-0.4350630931919568,-0.007017607480799149,0.11660953780134256,34975,34975,98.30164403145105,98.63902787705504,OK,85.83450076122779,86.55289895535807,0.7183981941302875,-0.002428169138826965,0.5871694948007526,17482,17482,98.58139800938108,98.4898753003089,OK
day_of_week,15,118.31811757098289,94.20624626715514,-24.111871303827755,-0.1410775743219241,1.3775635360410022e-220,39907,20012,99.4311774876588,96.45712572456526,OK,98.86785450738341,69.96297490936622,-28.90487959801719,-0.2700567431292328,0.0,20100,9956,99.88059701492537,96.58497388509441,OK
keltner_width,20,65.85495797168888,222.1562649294882,156.30130695779934,0.5877918846478093,0.0,34974,34973,95.77400354549094,100.0,OK,59.29063164636184,150.53273989409195,91.2421082477301,0.5020746362273522,0.0,17481,17480,96.54482009038384,100.0,OK
atr_pct,20,65.86785391199496,222.1562649294882,156.28841101749325,0.5884007827252005,0.0,34974,34973,95.77400354549094,100.0,OK,59.285556592037324,150.4083811825896,91.12282459055228,0.5028489141538433,0.0,17481,17480,96.54482009038384,100.0,OK
bar_range_avg_10,20,66.01563880452895,221.5817365716474,155.56609776711846,0.5898374315916354,0.0,34974,34973,95.7768628123749,100.0,OK,59.24745237829363,151.64051918264454,92.39306680435091,0.5117674378281505,0.0,17481,17480,96.53337909730566,100.0,OK
atr7_pct,20,65.9116851517318,221.39286652200937,155.48118137027757,0.5936853970858179,0.0,34974,34973,95.77972207925887,100.0,OK,59.43777235500167,152.60238378112547,93.1646114261238,0.5108716498715782,0.0,17481,17480,96.56198158000115,100.0,OK
atr21_pct,20,66.85200412774061,221.70693041194477,154.85492628420417,0.5868050153643316,0.0,34974,34973,95.78544061302682,100.0,OK,59.53744305110705,147.96551785732345,88.4280748062164,0.4902664286732441,0.0,17481,17480,96.58486356615754,99.99427917620137,OK
std20,20,68.89771857893024,213.46779919603955,144.5700806171093,0.5468239855236727,0.0,34974,34973,95.8369074169383,100.0,OK,60.70658298580771,145.73778295327838,85.03119996747068,0.47082101064160015,0.0,17481,17480,96.58486356615754,100.0,OK
recent_volatility,20,69.68287479488703,212.23062582125908,142.54775102637205,0.543492858593677,0.0,34974,34973,95.83404815005433,100.0,OK,61.52199785565444,147.25399098217676,85.73199312652233,0.472361257775866,0.0,17481,17480,96.68211200732225,100.0,OK
range_bps,20,69.57601107633022,211.7108844105324,142.13487333420218,0.5437187531048966,0.0,34974,34973,95.86835935266198,100.0,OK,63.46757925386836,147.64484669422112,84.17726744035275,0.46174518625487804,0.0,17481,17480,96.93381385504262,99.99427917620137,OK
donchian_width,20,73.09833920646734,207.50868976253335,134.41035055606602,0.49987328193241715,0.0,34974,34973,96.02561903128039,99.99142195407886,OK,64.58140123092488,138.1369597853768,73.55555855445192,0.40981312853097845,0.0,17481,17480,96.77363995194783,99.96567505720823,OK
bb_width,20,72.7163473572941,203.89974383019904,131.18339647290495,0.5009710219765569,0.0,34974,34973,95.89981128838566,100.0,OK,64.14235464514627,139.85162225240492,75.70926760725865,0.42463273083465347,0.0,17481,17480,96.68783250386134,100.0,OK
ema_separation,20,89.63558349150898,185.7741249107318,96.13854141922283,0.36657556634021266,0.0,34974,34973,96.47166466517984,99.96854716495582,OK,86.25673372142899,124.60711860618392,38.35038488475493,0.21997951671941865,0.0,17481,17480,97.96922372861965,99.99427917620137,OK
body_bps,20,92.7851564516668,187.6758230186677,94.8906665670009,0.35198822000723484,0.0,34974,34973,96.71756161720135,99.99714065135962,OK,79.17719807177986,131.59502449311225,52.41782642133239,0.28214865460648547,0.0,17481,17480,97.88913677707225,99.96567505720823,OK
atr_percentile,20,110.17519699782774,150.14181373121718,39.96661673338944,0.1676960306994659,0.0,34979,34507,97.35555619085737,99.82612223606804,OK,72.88248256274625,126.65894525670859,53.776462693962344,0.3093799899765609,0.0,17788,17457,97.54890937710816,99.96562983330469,OK
hour_utc,20,108.43107163576849,129.95973196912388,21.52866033335539,0.08461903776604919,4.021548140494962e-80,40766,29161,98.38100377765785,99.02266726106787,OK,84.04898287913642,95.37414829834148,11.325165419205064,0.09349974753337599,1.7778593813406483e-97,20391,17470,98.84262664901182,99.27303949627934,OK
ll_count5,20,127.25977981361245,135.08735626528815,7.8275764516756965,0.017389065073944394,0.00010086154610739747,79960,19979,98.89194597298649,99.06401721807899,OK,97.29947000017286,101.00843480035391,3.7089648001810502,0.008780845625590466,0.049594427485164926,39177,11363,99.12703882379968,99.26075860248173,OK
hh_count5,20,127.95294449878186,131.66926272850867,3.7163182297268094,-0.0022051386558906666,0.6219615266652869,77822,21152,98.87306931201974,99.11119515885022,OK,97.96047967267413,99.6768422087112,1.7163625360370673,-0.0008237172642298026,0.8538689491651184,38385,11724,99.11684251660805,99.2920504947117,OK
range_position_50,20,137.47634814612462,138.97758084197457,1.50123269584995,-0.0034914509588144086,0.4349818846627561,34974,34973,99.27374621147138,99.35092785863381,OK,104.38069481054548,103.41138713895161,-0.9693076715938673,-0.009760576130592408,0.029070543435932107,17481,17480,99.53663978033293,99.39931350114416,OK
dist_from_low20,20,134.2771339020888,135.65244159736002,1.375307695271232,-0.008434544714627961,0.059293886432954905,34974,34973,98.89060444901926,99.13361736196494,OK,99.67247980510052,101.00502265444324,1.3325428493427154,0.0032079792508318923,0.4731829125135081,17481,17480,99.22773296722156,99.18764302059496,OK
session_us,20,128.5699348153666,128.5699348153666,0.0,0.025371327738206474,1.3952330993041136e-08,139893,139893,98.9284667567355,98.9284667567355,OK,98.16905617356865,98.16905617356865,0.0,0.030745700369392875,6.1383454126187935e-12,69921,69921,99.12186610603395,99.12186610603395,OK
rsi_oversold_zone,20,128.5699348153666,128.5699348153666,0.0,0.07002807869694867,2.151968991072802e-55,139893,139893,98.9284667567355,98.9284667567355,OK,98.16905617356865,98.16905617356865,0.0,0.05873981195504612,1.80265031535769e-39,69921,69921,99.12186610603395,99.12186610603395,OK
rsi_extreme_oversold,20,128.5699348153666,128.5699348153666,0.0,0.047505272889053214,2.2023712337969967e-26,139893,139893,98.9284667567355,98.9284667567355,OK,98.16905617356865,98.16905617356865,0.0,0.04266153904670692,1.3806975520597534e-21,69921,69921,99.12186610603395,99.12186610603395,OK
session_asia_night,20,128.5699348153666,128.5699348153666,0.0,-0.09615387350567538,5.286932236862789e-103,139893,139893,98.9284667567355,98.9284667567355,OK,98.16905617356865,98.16905617356865,0.0,-0.11369162033178838,1.7656553316154827e-143,69921,69921,99.12186610603395,99.12186610603395,OK
is_weekend,20,128.5699348153666,128.5699348153666,0.0,-0.17616015767490012,0.0,139893,139893,98.9284667567355,98.9284667567355,OK,98.16905617356865,98.16905617356865,0.0,-0.3284545874782109,0.0,69921,69921,99.12186610603395,99.12186610603395,OK
session_europe,20,128.5699348153666,128.5699348153666,0.0,0.050128035477199503,3.413186351612794e-29,139893,139893,98.9284667567355,98.9284667567355,OK,98.16905617356865,98.16905617356865,0.0,0.07061722225205808,2.661628591607008e-56,69921,69921,99.12186610603395,99.12186610603395,OK
dist_from_high20,20,135.6451571905249,134.28202664694766,-1.363130543577256,0.004772291825814099,0.28592835668866534,34974,34973,99.1336421341568,98.89057272753267,OK,101.00466246157151,99.67481136223915,-1.329851099332359,-0.0027960227623019837,0.5318428942519587,17481,17480,99.18768949144786,99.22768878718536,OK
day_of_week,20,138.9557686022449,112.79136623356617,-26.164402368678722,-0.1412173975339557,5.028438046109137e-221,39907,20007,99.73187661312551,97.77577847753285,OK,116.08326777341192,83.59158475566298,-32.49168301774894,-0.2738849148498841,0.0,20095,9956,99.97014182632495,98.0715146645239,OK
