total,target,horizon,total_up,total_down,total_flat,total_strong_up,total_strong_down,up_case0_pct,down_case0_pct,flat_case0_pct,strong_up_case0_pct,strong_down_case0_pct,up_case1_pct,down_case1_pct,flat_case1_pct,strong_up_case1_pct,strong_down_case1_pct,up_case2_pct,down_case2_pct,flat_case2_pct,strong_up_case2_pct,strong_down_case2_pct,up_case3_pct,down_case3_pct,flat_case3_pct,strong_up_case3_pct,strong_down_case3_pct,dataset
2099697,12,5,565375,573845,945280,167850,167006,10.49586557594517,0.0008713154248969669,0.886721394719025,16.631516234733393,0.001197561764247991,2.6173778465620163,9.573665362597913,9.792865605958024,0.1298778671432827,9.86970528004982,59.41578598275481,21.765982103181173,20.06125169262018,81.86416443252904,25.160173885968167,27.470970594738002,68.65948121879602,69.25916130670278,1.3744414655942805,64.96892327221776,train
2099697,12,10,569132,573845,949565,167907,167006,11.086707477351476,0.0008713154248969669,1.333979243127116,16.65981763714437,0.001197561764247991,2.6000998011006233,9.573665362597913,9.748674393011537,0.1298337770313328,9.86970528004982,67.00677522964796,36.714792321968474,33.09378504894347,82.3271215613405,40.07161419350203,19.306417491899946,53.710671000008716,55.82356131491788,0.8832270244837916,50.057482964683906,train
2099697,12,15,570158,573845,951694,167916,167006,11.24670705313264,0.0008713154248969669,1.5547014061242375,16.664284523213986,0.001197561764247991,2.5954209184120893,9.573665362597913,9.72686598843746,0.12982681817099026,9.86970528004982,70.86404119559842,45.62904617100437,41.11395049249023,82.51804473665403,48.67849059315234,15.293830832856859,44.79641715097282,47.60448211294807,0.6878439219609805,41.450606565033596,train
2099697,12,30,570758,573845,953781,167921,167006,11.340007498799842,0.0008713154248969669,1.770112845611309,16.666765919688427,0.001197561764247991,2.5926925246777093,9.573665362597913,9.705582308727054,0.12982295245978764,9.86970528004982,76.08408467336419,59.58072301753958,54.257423874033975,82.77999773703111,61.84448462929476,9.983215303158257,30.844740304437607,34.266880971627664,0.4234133908206835,28.284612528891177,train
2099697,12,60,570871,573845,954585,167921,167006,11.357557136375819,0.0008713154248969669,1.8528470487175055,16.666765919688427,0.001197561764247991,2.5921793189704854,9.573665362597913,9.697407774058885,0.12982295245978764,9.86970528004982,79.97183251557708,70.97247514572751,65.89690808047476,82.9628218031098,72.44709770906435,6.078431029076622,19.452988176249683,22.55283709674885,0.24058932474199177,17.681999449121587,train
2099697,12,120,570886,573845,954885,167921,167006,11.359886211958255,0.0008713154248969669,1.883682328238479,16.666765919688427,0.001197561764247991,2.592111209593509,9.573665362597913,9.694361101074998,0.12982295245978764,9.86970528004982,82.732454465515,79.46692922304803,75.4303397791357,83.07180162100035,80.16358693699628,3.31554811293323,10.958534098929153,12.991616791550815,0.13160950685143608,9.965510221189659,train
2099697,15,5,562995,573845,945546,167517,167006,8.488707714988587,0.0008713154248969669,0.5460337201997576,15.303521433645539,0.001197561764247991,4.043197541718843,11.186818740252159,12.328326702243993,0.6536650011640609,11.119360981042597,49.99245108748745,16.81377375423677,14.200261013213531,77.48885187771988,20.583691603894472,37.475643655805115,71.99853619008617,72.92537856434271,6.553961687470525,68.29574985329869,train
2099697,15,10,568024,573845,949002,167828,167006,9.298902863259299,0.0008713154248969669,0.9082172640310557,15.460471435040638,0.001197561764247991,4.0074010957283495,11.186818740252159,12.28343038265462,0.6524537026002812,11.119360981042597,59.46650141543315,30.684766792426526,25.782242819298588,79.57134685511356,35.053231620420824,27.227194625579198,58.12754315189642,61.02610953401574,4.3157280072455135,53.826209836772335,train
2099697,15,15,569512,573845,950971,167888,167006,9.535883352765175,0.0008713154248969669,1.1133883157320255,15.490684265700944,0.001197561764247991,3.996930705586537,11.186818740252159,12.257997352180034,0.6522205279710284,11.119360981042597,64.48643751141327,39.513283203652556,33.4450787668604,80.49592585533213,43.800821527370275,21.98074843023501,49.299026740670385,53.183535565227544,3.361169350995902,45.078619929822885,train
2099697,15,30,570567,573845,953358,167920,167006,9.703154931848495,0.0008713154248969669,1.3609787718779305,15.506788947117675,0.001197561764247991,3.989540229280698,11.186818740252159,12.227306006767657,0.6520962363030014,11.119360981042597,71.69937973980268,54.03218639179569,46.938296002131416,81.75381133873273,57.576973282397034,14.607925099068119,34.78012355252725,39.473419219223,2.0873034778465938,31.302468174796118,train
2099697,15,60,570831,573845,954443,167921,167006,9.744915745641004,0.0008713154248969669,1.4731104948121574,15.507292119508579,0.001197561764247991,3.9876951321844825,11.186818740252159,12.213406143687994,0.6520923529516857,11.119360981042597,77.22197988546523,66.4956564926069,59.63719153474854,82.61980335991329,69.11488210004431,9.045409236709288,22.316653451716057,26.67629182675131,1.2208121676264434,19.764559357148844,train
2099697,15,120,570876,573845,954845,167921,167006,9.75203021321618,0.0008713154248969669,1.5145913734689924,15.507292119508579,0.001197561764247991,3.9873807972309225,11.186818740252159,12.208264168529972,0.6520923529516857,11.119360981042597,81.27684470883344,76.09964363199123,70.51929894380763,83.18018592076035,77.68403530412081,4.983744280719455,12.712666312331727,15.757845514193402,0.6604296067793783,11.195406153072344,train
2099697,20,5,560057,573845,946362,166551,167006,5.970820827165806,0.0008713154248969669,0.2742079669302022,12.524091719653441,0.001197561764247991,6.571831081479207,13.791877597609112,16.45828974536171,1.968766323828737,13.045040297953367,37.16157462543991,11.363695771506244,8.374913616565332,66.84619125673217,15.26352346622277,50.295773465915076,74.84355531545975,74.89258867114276,18.66095069978565,71.69023867405961,train
2099697,20,10,566082,573845,948768,167561,167006,6.971604820503037,0.0008713154248969669,0.5271046241019933,13.051366368068942,0.001197561764247991,6.501884885935254,13.791877597609112,16.416552834834228,1.9568992784717207,13.045040297953367,47.96089612458972,23.11338427624184,17.363359641134608,72.12835922440186,28.404967486198103,38.56561416897198,63.09386681072415,65.69298289992918,12.863375129057477,58.54879465408428,train
2099697,20,15,568236,573845,950356,167776,167006,7.324245559943404,0.0008713154248969669,0.6933191351451456,13.162788479877932,0.001197561764247991,6.477238330552798,13.791877597609112,16.38912155024012,1.954391569711997,13.045040297953367,54.181009298953256,31.333373994719828,24.000164149013635,74.72522887659737,36.99627558291319,32.01750681055054,54.87387709224616,58.91739516560111,10.157591073812702,49.957486557369194,train
2099697,20,30,570165,573845,952768,167906,167006,7.637789061061271,0.0008713154248969669,0.9447210653590381,13.230021559682204,0.001197561764247991,6.455324335937843,13.791877597609112,16.34763132263048,1.9528783962455183,13.045040297953367,63.85993528189209,46.04292099783042,36.91339339692349,78.33251938584684,51.37839359064944,22.0469513211088,40.16433008913557,45.79425421508699,6.484580658225436,35.57536854963295,train
2099697,20,60,570743,573845,954155,167920,167006,7.731325657958135,0.0008713154248969669,1.0887120017187983,13.237255836112436,0.001197561764247991,6.448786932121813,13.791877597609112,16.323867715413115,1.95271557884707,13.045040297953367,71.85563379664754,59.63596441547805,50.43928921401659,80.91412577417817,63.98093481671317,13.964253613272524,26.571286671487947,32.1481310688515,3.895902810862315,22.972827323569213,train
2099697,20,120,570857,573845,954753,167921,167006,7.749751689127049,0.0008713154248969669,1.1506640984631626,13.237772523984493,0.001197561764247991,6.447499110985763,13.791877597609112,16.313643424006,1.9527039500717598,13.045040297953367,77.93615563967859,70.79943190234297,62.83174810657835,82.69722071688473,73.85483156293786,7.866593560208599,15.407819184623026,19.703944370952485,2.1123028090590217,13.098930577344525,train
2099697,25,5,558170,573845,947338,165375,167006,4.267875378468925,0.0008713154248969669,0.15221599893596582,9.919879062736205,0.001197561764247991,9.204722575559417,16.346400160322037,20.555598952010794,3.6668178382464096,14.925212267822713,27.758389021265923,7.9934477080047746,5.2251677859433485,55.518669690098264,11.630719854376489,58.76901302470573,75.65928081624828,74.06701726310989,30.894633408919127,73.44287031603655,train
2099697,25,10,564428,573845,948992,167052,167006,5.329289121021636,0.0008713154248969669,0.3262408956029134,10.824174508536265,0.001197561764247991,9.102666770606703,16.346400160322037,20.51977255867278,3.630007422838397,14.925212267822713,38.54893803992715,17.715759482090114,12.084822632856758,63.51255896367598,23.265032394045722,47.019106068444515,65.93696904216296,67.06916391286755,22.03325910494936,61.80855777636731,train
2099697,25,15,567017,573845,950183,167537,167006,5.761555650006967,0.0008713154248969669,0.45117624710187404,11.08232808275187,0.001197561764247991,9.06110398806385,16.346400160322037,20.494052198366,3.619498976345523,14.925212267822713,45.19987936869618,25.059554409291707,17.645232549940378,67.5993959543265,31.388692621821974,39.977460993233,58.59317411496136,61.40953900459175,17.6987769865761,53.68489754859107,train
2099697,25,30,569592,573845,952218,167862,167006,6.187586904310454,0.0008713154248969669,0.6639235973275027,11.254482849006923,0.001197561764247991,9.020140732313656,16.346400160322037,20.45025403846598,3.612491213020219,14.925212267822713,56.23639376957541,39.26792078000157,29.341390311882364,73.55804172475008,45.79895333101805,28.555878593800475,44.384807744251496,49.54443205232415,11.574984213222766,39.274636839394994,train
2099697,25,60,570562,573845,953780,167916,167006,6.347075339752735,0.0008713154248969669,0.8266057162028979,11.28302246361276,0.001197561764247991,9.00480578797747,16.346400160322037,20.416762775482816,3.6113294742609403,14.925212267822713,66.0922038271038,53.46060347306329,42.69391264232842,78.0503346911551,59.237991449409,18.555915045165992,30.192125051189784,36.062718865985865,7.0553133709712,25.83559872100404,train
2099697,25,120,570819,573845,954588,167921,167006,6.38924072254077,0.0008713154248969669,0.9105498916810183,11.285664092043282,0.001197561764247991,9.000751551717794,16.346400160322037,20.399481242169397,3.6112219436520743,14.925212267822713,73.94953566717297,65.7810035811064,55.94696350676941,81.23165059760244,70.1250254481875,10.660472058568478,17.87172494314667,22.743005359380174,3.871463366702199,14.94856472222555,train
2099697,30,5,557289,573845,948212,164375,167006,3.1342804182390105,0.0006970523399175736,0.09206801854437614,7.794372623574144,0.0005987808821239955,11.815413546651737,18.900748459949988,24.41732439581022,5.470418250950571,16.83113181562339,21.01243699409104,5.7980813634343775,3.437311487304527,45.35665399239544,9.000874220087901,64.03786904101821,75.30047312427573,72.05329609834088,41.37855513307985,74.16739518340658,train
2099697,30,10,563238,573845,949433,166506,167006,4.157389948831577,0.0006970523399175736,0.2205526877620643,8.974451371121761,0.0005987808821239955,11.690617465440898,18.900748459949988,24.385922966654835,5.4004059913756866,16.83113181562339,31.042649821212347,13.820108217375774,8.66569836944787,55.039458037548194,19.196316300013173,53.109342764515176,67.27844627033433,66.72782597613524,30.585684599954355,63.97195310348132,train
2099697,30,15,565954,573845,950308,167189,167006,4.617336391296819,0.0006970523399175736,0.3124250243079086,9.346308668632505,0.0005987808821239955,11.634514465839981,18.900748459949988,24.363469527774154,5.378344269060763,16.83113181562339,37.67709036423455,20.25930347044934,13.209191125403553,60.28387035032209,26.7655054309426,46.071058778628654,60.83925101726075,62.11491432251438,24.99147671198464,56.40276397255188,train
2099697,30,30,569021,573845,952001,167760,167006,5.131445060902849,0.0006970523399175736,0.48970536795654623,9.65486409155937,0.0005987808821239955,11.571804907024521,18.900748459949988,24.320142520858695,5.36003814973772,16.83113181562339,49.30239832976287,33.619008617309554,23.549134927379278,68.1670243204578,40.92846963582147,33.99435170230976,47.47954587040054,51.64101718380548,16.81807343824511,42.23979976767302,train
2099697,30,60,570369,573845,953545,167898,167006,5.355655724627391,0.0006970523399175736,0.6508345175109722,9.729121252188829,0.0005987808821239955,11.544456308109313,18.900748459949988,24.280762837621715,5.355632586451298,16.83113181562339,60.39932043992573,47.94709372740026,36.33483474822898,74.44877246899904,54.86569344813959,22.700567527337565,33.151460760309845,38.733567896638334,10.466473692360838,28.302575955354897,train
2099697,30,120,570763,573845,954447,167917,167006,5.42098909705079,0.0006970523399175736,0.7447244320533252,9.739335505041181,0.0005987808821239955,11.536487123376954,18.900748459949988,24.257816306196155,5.355026590517935,16.83113181562339,69.75014147728567,61.098554487710096,49.95049489390191,79.10277101186895,66.63533046716884,13.292382302286587,20.0,25.046964367848606,5.802866892571926,16.532938936325642,train
2099697,50,5,557645,573845,950512,162659,167006,1.0904787095732948,0.0001742630849793934,0.023355833487636136,3.095432776544796,0.0005987808821239955,22.149754772301375,28.833047251435488,38.11924520679381,13.281158743137484,24.40930265978468,8.127930852065383,2.0725108696599257,0.9203460871614456,20.691139131557428,3.852556195585787,68.63183566605994,69.0942676158196,60.9370528725571,62.93226934876029,71.73754236374741,train
2099697,50,10,561366,573845,950906,164758,167006,1.7460979111666899,0.0001742630849793934,0.06478032528977629,4.329987011252868,0.0005987808821239955,22.002935696141197,28.833047251435488,38.103450814276066,13.111958144672792,24.40930265978468,14.208733696020065,5.909609737821189,2.8809367066776317,30.289879702351328,9.751745446271391,62.04223269667205,65.25716874765834,58.95083215375653,52.26817514172302,65.83835311306181,train
2099697,50,15,563559,573845,951279,165773,167006,2.1284373064754534,0.0001742630849793934,0.10396529304231461,4.915758295983061,0.0005987808821239955,21.917314779818973,28.833047251435488,38.08851031085517,13.031675845885637,24.40930265978468,18.988783783064417,9.537244377837222,4.949021265054732,36.620559439715755,14.792282911991187,56.96546413064115,61.6295341076423,56.858503131047776,45.43200641841555,60.79781564734201,train
2099697,50,30,567102,573845,952143,167129,167006,2.739895115869808,0.0001742630849793934,0.19461362421400988,5.687223641618151,0.0005987808821239955,21.780385186439126,28.833047251435488,38.053947778852546,12.925943432917089,24.40930265978468,29.204446466420503,18.801418501511733,10.877042629100881,47.66078897139335,26.284684382597035,46.27527323127056,52.3653599839678,50.87439596783256,33.72604395407141,49.305414176736164,train
2099697,50,60,569211,573845,953157,167692,167006,3.100256319712725,0.0001742630849793934,0.30078990134888584,6.003864227273811,0.0005987808821239955,21.6996860566644,28.833047251435488,38.01346472826617,12.882546573479953,24.40930265978468,41.36199054480676,31.316644738561806,20.107390492856897,58.535290890442006,39.91533238326767,33.83806707881612,39.85013374691772,41.57835487752804,22.578298308804236,35.67476617606553,train
2099697,50,120,570343,573845,954104,167865,167006,3.2925800790050896,0.0001742630849793934,0.399746778129009,6.100735710243351,0.0005987808821239955,21.65661715844676,28.833047251435488,37.975734301501724,12.869269949066215,24.40930265978468,53.77255441024086,45.29463531092891,32.32918004745814,67.93018199148125,53.55615965893441,21.278248352307298,25.872143174550622,29.29533887291113,13.099812349209186,22.033938900398788,train
1049132,12,5,242410,247687,541843,50642,50848,14.656986097933252,0.0016149414381860978,1.2996384561579646,26.07716914813791,0.0,4.240336619776412,12.361972973955032,11.407917053463827,0.23498282058370523,13.530522341095027,43.94950703353822,13.548551195662267,13.198657175602527,71.17412424469808,16.370358716173694,37.15317024875212,74.08786088894452,74.09378731477568,2.513723786580309,70.09911894273128,test
1049132,12,10,247193,247687,546913,50723,50848,16.308309701326493,0.0016149414381860978,2.2146118304008136,26.195217159868307,0.0,4.158289271945403,12.361972973955032,11.302163232543384,0.2346075744731187,13.530522341095027,52.52211834477514,27.12536386649279,25.386853119234686,71.84906255544821,30.711139081183138,27.01128268195297,60.51104821811399,61.096371817821115,1.7211127102103583,55.75833857772183,test
1049132,12,15,248487,247687,549078,50734,50848,16.74413550809499,0.0016149414381860978,2.600177024029373,26.211219300666222,0.0,4.13663491450257,12.361972973955032,11.257599102495456,0.23455670753340954,13.530522341095027,57.231967869546494,36.09636355561656,33.54769267754308,72.18039184767612,39.53351164254248,21.88726170785594,51.54004852899021,52.59453119593209,1.373832144124256,46.93596601636249,test
1049132,12,30,249195,247687,551133,50736,50848,16.98067778245952,0.0016149414381860978,2.9633500443631573,26.21412803532009,0.0,4.1248821204277775,12.361972973955032,11.215623089163596,0.2345474613686534,13.530522341095027,64.32673207728887,51.106840488196795,47.793363852282475,72.68606117943867,53.94509125235998,14.567708019823833,36.52957159640999,38.027663014190765,0.8652633238725954,32.524386406545,test
1049132,12,60,249310,247687,551866,50736,50848,17.01897236372388,0.0016149414381860978,3.0922361587776743,26.21412803532009,0.0,4.122979423208054,12.361972973955032,11.20072626325956,0.2345474613686534,13.530522341095027,69.86201917291726,64.08935470977484,60.57412487814071,73.06054872280038,65.61320012586532,8.996029040150816,23.547057374831944,25.132912699822057,0.4907757805108799,20.856277533039645,test
1049132,12,120,249323,247687,552062,50736,50848,17.023299093946406,0.0016149414381860978,3.126641572866816,26.21412803532009,0.0,4.122764446120093,12.361972973955032,11.196749640438936,0.2345474613686534,13.530522341095027,73.87084224078806,74.35755610912159,71.10324564994511,73.3246609902239,74.92526746381371,4.983094219145446,13.278855975485188,14.573363136749135,0.22666351308735416,11.544210195091251,test
1049132,15,5,239862,247687,541847,50263,50848,11.021754175317474,0.0016149414381860978,0.7708818171919379,23.038815828740823,0.0,6.181887918886693,14.374593741294456,14.171712679040393,1.0902652050215864,15.154971680302076,35.148126839599435,9.855583861890208,8.750440622537358,66.05654258599766,12.920862177470108,47.648231066196395,75.76820745537715,76.30696488123031,9.814376380239938,71.92416614222782,test
1049132,15,10,245706,247687,546024,50629,50848,13.138059306651037,0.0016149414381860978,1.5299693786353712,23.595172727093168,0.0,6.034854663703776,14.374593741294456,14.063301246831642,1.0823836141341918,15.154971680302076,45.01518074446697,21.67534024797426,18.938178541602568,68.58914851172253,26.21735368156073,35.81190528517822,63.9484510692931,65.46855083293042,6.73329514705011,58.627674638137194,test
1049132,15,15,247665,247687,548183,50699,50848,13.825126683221287,0.0016149414381860978,1.917790226986244,23.70066470739068,0.0,5.987119697979125,14.374593741294456,14.00791341577539,1.0808891694116256,15.154971680302076,50.62322088304767,30.161050034923107,26.3762283762904,69.89092487031301,34.943360604153554,29.564532735751925,55.462741282344254,57.69806798094797,5.327521252884672,49.90166771554437,test
1049132,15,30,248957,247687,550655,50732,50848,14.2723442200862,0.0016149414381860978,2.358100807220492,23.750295671371127,0.0,5.956048634904823,14.374593741294456,13.94502910170615,1.0801860758495625,15.154971680302076,59.58619359969794,45.2171490631321,40.405153862218626,71.76338405739968,49.531938325991185,20.185413545311036,40.406642254135264,43.291716228854725,3.406134195379642,35.31308999370673,test
1049132,15,60,249274,247687,551685,50735,50848,14.381363479544598,0.0016149414381860978,2.5403989595511933,23.75480437567754,0.0,5.948474369569229,14.374593741294456,13.91899362861053,1.0801222036069775,15.154971680302076,66.97890674518803,59.03418427289281,54.09499986405286,73.17433724253473,61.92377281309,12.691255405698149,26.589607044374553,29.445607547785418,1.9907361781807429,22.921255506607928,test
1049132,15,120,249323,247687,552033,50735,50848,14.398190299330588,0.0016149414381860978,2.6018372090074324,23.75480437567754,0.0,5.947305302759874,14.374593741294456,13.910219135450236,1.0801222036069775,15.154971680302076,72.54485145774758,70.47483315636268,66.14115460488776,74.14211096875924,72.06773127753304,7.1096529401619595,15.14895816090469,17.34678905065458,1.0229624519562432,12.777297042164884,test
1049132,20,5,237311,247686,542699,49454,50848,6.8340700599635085,0.001211210968726533,0.3453111208975878,17.515266712500505,0.0,9.569299358226125,17.5843608439718,18.769889017669094,3.2697051805718447,17.662444933920703,24.032177185212653,6.046365155882852,4.617292458618866,54.19379625510575,8.875471994965386,59.56445339659771,76.36806278917662,76.26750740281445,25.021231851821895,73.46208307111391,test
1049132,20,10,243479,247687,545413,50339,50848,9.194222088968658,0.0016149414381860978,0.8411974045356454,18.96541448975943,0.0,9.32688240053557,17.584289849689323,18.6764891925935,3.2122211406662826,17.662444933920703,34.25675314914223,15.145324542668773,11.799315381188201,60.17402014342756,20.39608244178729,47.22214236135355,67.26877066620372,68.68299802168265,17.648344226146726,61.941472624292004,test
1049132,20,15,246086,247687,547246,50557,50848,10.156205554155864,0.0016149414381860978,1.1733297273986472,19.314832763019957,0.0,9.228074738099687,17.584289849689323,18.613932308322035,3.1983701564570683,17.662444933920703,40.55817884804499,22.407312454832105,17.78651648435987,63.29687283660027,28.439663310258023,40.05754085969945,60.00678275404038,62.426221479919455,14.189924243922702,53.89789175582127,test
1049132,20,30,248402,247687,549857,50704,50848,10.993872835162358,0.0016149414381860978,1.6426088964949066,19.54875355001578,0.0,9.14203589343081,17.584289849689323,18.52554391414495,3.189097507100032,17.662444933920703,51.38283910757563,36.77988751932883,30.458282789889008,67.89207952035342,43.01250786658276,28.48125216383121,45.63420768954366,49.373564399471135,9.370069422530767,39.32504719949654,test
1049132,20,60,249145,247687,551355,50729,50848,11.2593068293564,0.0016149414381860978,1.9098403025274098,19.5884011117901,0.0,9.114772522025326,17.584289849689323,18.47521107090713,3.187525872774941,17.662444933920703,61.17321238636136,51.40197103602531,44.59069020866774,71.49362297699541,56.26376651982379,18.45270826225692,31.012124172847184,35.02425841789773,5.730450038439551,26.073788546255507,test
1049132,20,120,249303,247687,551908,50735,50848,11.315547747118968,0.0016149414381860978,2.0081245424962133,19.59791071252587,0.0,9.108995880514875,17.584289849689323,18.456699304956622,3.18714891100818,17.662444933920703,69.09102577987429,64.26538332653712,58.26822586373092,74.13816891692126,67.4893801132788,10.484430592491867,18.148711882335366,21.266950288816254,3.076771459544693,14.848174952800502,test
1049132,25,5,236268,247685,543739,48692,50848,4.349298254524523,0.00040373861961765954,0.17158967813601747,12.917933130699089,0.0,12.979328559093911,20.803439853039144,23.259137196338685,5.824365398833484,20.164018250471997,16.601486447593413,3.8912328158750022,2.5826729368318255,42.924915797256226,6.358165512901196,66.06988673878816,75.30492359246624,73.98660018869347,38.332785673211205,73.47781623662681,test
1049132,25,10,241746,247687,545440,49919,50848,6.516757257617499,0.0012112060786395734,0.4829128776767381,15.058394599250786,0.0,12.685215060435334,20.803271871353765,23.18660164271047,5.681203549750595,20.164018250471997,25.966923961513324,10.772466863420366,7.525667351129363,51.261042889480954,15.786264946507236,54.83110372043385,68.42305005914723,68.80481812848342,27.999358961517657,64.04971680302077,test
1049132,25,15,244614,247687,546851,50329,50848,7.612810386977033,0.0012112060786395734,0.7396896046637932,15.75036261399988,0.0,12.536486055581447,20.803271871353765,23.12677493503715,5.634922211846053,20.164018250471997,32.127351664254704,16.78004901347265,12.154316257993493,55.77301357070476,23.084487098804278,47.723351893186816,62.41546790909494,63.97921920230556,22.841701603449305,56.75149465072372,test
1049132,25,30,247652,247687,549276,50644,50848,8.746143782404342,0.0012112060786395734,1.1779141997829872,16.274385909485822,0.0,12.382698302456673,20.803271871353765,23.024672477952794,5.599873627675539,20.164018250471997,43.55506921002051,29.923249908150208,22.94256439385664,62.666850959639845,37.372168030207675,35.31608870511847,49.272267014417395,52.85484892840757,15.4588895031988,42.46381371932033,test
1049132,25,60,248915,247687,550943,50719,50848,9.20916778820079,0.0012112060786395734,1.476922295046856,16.398193970701318,0.0,12.319868228109998,20.803271871353765,22.955006234764756,5.591592894181668,20.164018250471997,54.874153827611835,44.63375146858737,36.6028790637144,68.39251562530806,51.10525487728131,23.596810156077375,34.56176545398023,38.96519240647399,9.617697509808949,28.7307268722467,test
1049132,25,120,249257,247687,551757,50733,50848,9.333739874908227,0.0012112060786395734,1.622272123416649,16.421264265862455,0.0,12.302964410227196,20.803271871353765,22.92114100953862,5.590049868921609,20.164018250471997,64.67902606546657,58.449979207628985,50.96808921318624,72.71795478288293,63.235525487728125,13.684269649398011,20.74553771493861,24.48849765385849,5.270731082332998,16.600456261799874,test
1049132,30,5,236321,247685,544699,48074,50848,2.840204636913351,0.00040373861961765954,0.0894071771749168,9.239921787244665,0.0,16.39718856978432,23.97440297151624,27.47682665104948,8.526438407455174,22.482693517935807,11.633329242851884,2.5907907220865214,1.5478273321595963,33.388109997087824,4.645217117684078,69.12927755045045,73.43440256777762,70.885938839616,48.84552980821234,72.87208936438012,test
1049132,30,10,240709,247687,545792,49445,50848,4.611377223120033,0.0012112060786395734,0.2894875703564728,11.75649711800991,0.0,16.09827634197309,23.974209385232168,27.421801712007504,8.290019213267266,22.482693517935807,19.760374560153547,7.804608235393864,4.925136315666041,43.053898270805945,12.42526746381372,59.52997187475333,68.21997117329532,67.36357440196998,36.89958539791688,65.09203901825047,test
1049132,30,15,243462,247687,546809,50021,50848,5.690005011048952,0.0012112060786395734,0.47493731814948176,12.772635493092901,0.0,15.916241548989166,23.974209385232168,27.370800407454887,8.194558285520081,22.482693517935807,25.440109750186892,12.729775886501915,8.436401010224778,48.383678854880955,18.95846444304594,52.953643689775,63.29480352218728,63.71786126417085,30.649127366506068,58.55884203901825,test
1049132,30,30,246983,247687,548957,50550,50848,7.034492252503209,0.0012112060786395734,0.8643664257856262,13.68545994065282,0.0,15.689338942356358,23.974209385232168,27.26370189286228,8.108803165182987,22.482693517935807,36.691999044468645,24.394094159160552,17.450364964833312,57.030662710187926,32.55781938325991,40.584169760671784,51.63048524952863,54.421566716518775,21.17507418397626,44.95948709880428,test
1049132,30,60,248644,247687,550623,50695,50848,7.655523559788293,0.0012112060786395734,1.164317509439308,13.932340467501724,0.0,15.584530493396182,23.974209385232168,27.181211100880276,8.085610020712101,22.482693517935807,48.80632550956388,38.654834529062896,30.145126520323345,64.62570273202486,46.44627123977344,27.953620437251654,37.3697448796263,41.50934486935707,13.356346779761319,31.07103524229075,test
1049132,30,120,249188,247687,551608,50734,50848,7.857119925518083,0.0012112060786395734,1.340807239924004,13.998501990775416,0.0,15.550508050146878,23.974209385232168,27.132673927861816,8.079394488902905,22.482693517935807,59.962357737932805,53.02458344604278,44.60595205290714,70.39854929632988,59.18620201384519,16.630014286402233,22.999995962646405,26.92056677930704,7.5235542239918,18.331104468219007,test
1049132,50,5,238609,247684,547272,47548,50848,0.6596565930036168,0.0,0.01388706164393574,2.6394380415580043,0.0,29.210549476339953,35.767348718528446,42.62651844055607,19.02498527803483,31.749528005034612,3.3649191773990084,0.6932220086884902,0.2872429066350919,12.074114578951797,1.5241504090623033,66.76487475325742,63.53942927278307,57.0723515911649,66.26146210145536,66.72632158590308,test
1049132,50,10,240521,247686,547500,48566,50848,1.4493536946877819,0.0008074739791510218,0.055525114155251146,4.680228966766873,0.0,28.9783428474021,35.76705990649452,42.60876712328767,18.62619939875633,31.749528005034612,7.177751630834729,2.577860678439637,1.2328767123287672,20.104599925874066,5.101478917558213,62.3945518270754,61.654271941086705,56.10283105022831,56.58897170860273,63.14899307740718,test
1049132,50,15,241929,247687,547770,49144,50848,2.0229075472555995,0.0012112060786395734,0.10478850612483342,5.801318573986651,0.0,28.809692099748275,35.766915502226595,42.58776493783888,18.40713006674263,31.749528005034612,10.59567063063957,4.8290786355359785,2.4293042700403453,25.797655868468176,8.804672750157332,58.57172972235656,59.40279465615879,54.87814228599595,49.99389549080254,59.44579924480805,test
1049132,50,30,244694,247687,548660,49967,50848,3.1300317948131138,0.0012112060786395734,0.2668319177632778,7.352852882902717,0.0,28.48414754754918,35.766915502226595,42.518681879488206,18.10394860608001,31.749528005034612,18.624077419143912,11.4305554994812,6.479787117704953,36.4300438289271,18.270138451856514,49.76174323849379,52.80131779221357,50.73469908504356,38.113154682090176,49.98033354310888,test
1049132,50,60,247089,247687,549866,50459,50848,4.068979193731813,0.0012112060786395734,0.485572848657673,8.25620801046394,0.0,28.208054587618225,35.766915502226595,42.42542728592057,17.92742622723399,31.749528005034612,29.546843445074444,21.90345072611804,14.172907581119764,47.39689649021978,30.740638766519822,38.176122773575514,42.328422565576716,42.916092284301996,26.419469272082285,37.509833228445565,test
1049132,50,120,248622,247687,551119,50676,50848,4.660488613236158,0.0012112060786395734,0.7118244879962403,8.649064645986265,0.0,28.03412409199508,35.766915502226595,42.3289706941695,17.85065908911516,31.749528005034612,42.368334258432476,35.59209809154296,26.269644124045804,57.62096455916016,44.55632473253618,24.937053036336284,28.639775200151806,30.689560693788454,15.879311705738417,23.6941472624292,test
