feature,quartile,noise_pct,real_up_pct,real_down_pct,real_both_pct,sample_size,noise_count,real_up_count,real_down_count,real_both_count
range_bps,Q1,24.50583549374544,30.664391011415738,31.33013446303362,13.499639031805202,524977,128650,160981,164476,70870
range_bps,Q2,5.100604407431183,31.28175139101332,32.099501501970565,31.518142699584935,524977,26777,164222,168515,165463
range_bps,Q3,1.0615723385450002,25.970330072231874,26.47340068879339,46.49469690042973,524976,5573,136338,138979,244086
range_bps,Q4,0.13124384496844624,17.649154153420056,17.30609150496117,64.91351049665033,524977,689,92654,90853,340781
body_bps,Q1,18.34137495547424,28.486962285966815,29.302807551568925,23.86885520699002,524977,96288,149550,153833,125306
body_bps,Q2,8.59751951037855,29.29937882992969,29.942264137286013,32.16083752240574,524977,45135,153815,157190,168837
body_bps,Q3,3.3662491237694674,27.509829020755234,27.86775014476852,41.256171710706774,524976,17672,144420,146299,216585
body_bps,Q4,0.4941168851206814,20.269459423936667,20.096308981155364,59.140114709787284,524977,2594,106410,105501,310472
upper_wick_pct,Q1,14.427509123740009,29.176158657838798,28.682829083206983,27.713503135214207,525004,75745,153176,150586,145497
upper_wick_pct,Q2,5.15324287409682,25.253976085387013,25.5042851618532,44.08849587866296,524951,27052,132571,133885,231443
upper_wick_pct,Q3,5.052802413824632,25.56802596690134,26.2518667520039,43.12730486727012,524976,26526,134226,137816,226408
upper_wick_pct,Q4,6.16523422023102,25.567264027307917,26.769985675535647,41.49751607692542,524976,32366,134222,140536,217852
lower_wick_pct,Q1,14.210807001504676,28.573986248404854,29.532217206635814,27.68298954345466,525030,74611,150022,155053,145344
lower_wick_pct,Q2,5.087403128833888,25.090298786109987,25.396247837782234,44.42605024727389,524924,26705,131705,133311,233203
lower_wick_pct,Q3,4.985751729602876,25.683269330407487,26.059667489561427,43.271311450428215,524976,26174,134831,136807,227164
lower_wick_pct,Q4,6.514380630008552,26.21772001440063,26.22057728243333,41.04732207315749,524977,34199,137637,137652,215489
range_position,Q1,10.115109804810496,27.211668320707382,26.695264744931684,35.97795712955044,524977,53102,142855,140144,188876
range_position,Q2,5.146130211418786,25.931231272989102,25.922849953426528,42.999788562165584,524977,27016,136133,136089,225739
range_position,Q3,5.18633232757307,25.464973636890065,26.6494087348755,42.699285300661366,524976,27227,133685,139903,224161
range_position,Q4,10.351691597917622,26.957752434868574,27.94160506079314,34.74895090642066,524977,54344,141522,146687,182424
gap_bps,Q1,8.266076418585957,26.408014065378104,26.60097489985275,38.72493461618319,524977,43395,138636,139649,203297
gap_bps,Q2,7.777604280096482,26.58911320312789,27.052420498111847,38.58086201866379,973436,75710,258828,263338,375560
gap_bps,Q3,0.9631972397929844,24.073396413821946,25.675675675675674,49.287730670709394,76516,737,18420,19646,37713
gap_bps,Q4,7.971206357611857,26.34591610680087,26.704027033565282,38.97885050202199,524977,41847,138310,140190,204630
ema9_dist_pct,Q1,1.7490290050802226,25.300727460441124,21.179975503688734,51.77026803078992,524977,9182,132823,111190,271782
ema9_dist_pct,Q2,13.87679841212091,29.486625128338957,28.954792305186704,27.68178415435343,524977,72850,154798,152006,145323
ema9_dist_pct,Q3,13.307084514339703,28.72036054981561,30.547110725061717,27.425444210782967,524976,69859,150775,160365,143977
ema9_dist_pct,Q4,1.8663674789562208,22.057918727868078,26.527257384609232,49.54845640856647,524977,9798,115799,139262,260118
ema20_dist_pct,Q1,1.5846408509325172,25.28586966667111,20.539185526223054,52.59030395617332,524977,8319,132745,107826,276087
ema20_dist_pct,Q2,14.12119007118407,29.9171201785983,28.985460315404293,26.976229434813337,524977,74133,157058,152167,141619
ema20_dist_pct,Q3,13.368611136509099,28.772172442168788,30.99303587211606,26.86618054920606,524976,70182,151047,162706,141041
ema20_dist_pct,Q4,1.7248374690700736,21.590469677719216,26.691455054221425,49.993237798989284,524977,9055,113345,140124,262453
ema50_dist_pct,Q1,1.2754844497949436,24.856136554553817,20.03592538339775,53.832453612253495,524977,6696,130489,105184,282608
ema50_dist_pct,Q2,14.71531133744907,30.10169969351038,29.504340190141665,25.678648778898882,524977,77252,158027,154891,134807
ema50_dist_pct,Q3,13.38365944347932,29.417725762701536,31.081420864953824,26.11719392886532,524976,70261,154436,163170,137109
ema50_dist_pct,Q4,1.4248243256371231,21.19007118407092,26.587450497831334,50.797653992460624,524977,7480,111243,139578,266676
ema100_dist_pct,Q1,0.9802334197498177,24.497644658718382,19.79915310575511,54.722968815776696,524977,5146,128607,103941,287283
ema100_dist_pct,Q2,15.179903119565239,30.124176868700914,29.786638271771903,24.90928173996194,524977,79691,158145,156373,130768
ema100_dist_pct,Q3,13.527285056840693,29.81031513821584,31.27990612904209,25.382493675901372,524976,71015,156497,164212,133252
ema100_dist_pct,Q4,1.1118582337892897,21.133497277023565,26.343439807839204,51.41120468134795,524977,5837,110946,138297,269897
ema200_dist_pct,Q1,0.8427035851094429,24.06467330949737,19.96201738361871,55.13060572177447,524977,4424,126334,104796,289423
ema200_dist_pct,Q2,15.483916438243961,30.25408732192077,29.741302952319813,24.520693287515453,524977,81287,158827,156135,128728
ema200_dist_pct,Q3,13.604812410472098,30.03413489378562,31.477248483740212,24.883804212002072,524976,71422,157672,165248,130634
ema200_dist_pct,Q4,0.8678475437971569,21.212738843796966,26.02856887063624,51.89084474176964,524977,4556,111362,136644,272415
ema20_slope,Q1,1.5126405778549876,25.05200237725153,20.692184023650604,52.743173021242875,524976,7941,131517,108629,276889
ema20_slope,Q2,14.119339016143625,30.21305776465546,28.883661126720323,26.783942092480594,524975,74123,158611,151632,140609
ema20_slope,Q3,13.444259250440496,28.705557407495597,31.121101004809752,26.729082337254155,524975,70579,150697,163378,140321
ema20_slope,Q4,1.723126390539758,21.59432050227058,26.51245009295663,50.170103014233035,524976,9046,113365,139184,263381
ema50_slope,Q1,1.2667245740757673,24.653698454786504,20.328167382889884,53.751409588247846,524976,6650,129426,106718,282182
ema50_slope,Q2,14.720700985761226,30.233820658126575,29.368636601742942,25.676841754369256,524975,77280,158720,154178,134797
ema50_slope,Q3,13.38749464260203,29.294537835135003,31.167769893804465,26.1501976284585,524975,70281,153789,163623,137282
ema50_slope,Q4,1.424446069915577,21.382882265094022,26.344823382402243,50.84784828258816,524976,7478,112255,138304,266939
ema200_slope,Q1,0.9028984182134041,23.89823534790162,20.334834354332386,54.86403187955259,524976,4740,125460,106753,288023
ema200_slope,Q2,15.38492309157579,30.364493547311778,29.545406924139243,24.70517643697319,524975,80767,159406,155106,129696
ema200_slope,Q3,13.60064764988809,29.866565074527358,31.539597123672557,24.993190151911996,524975,71400,156792,165575,131208
ema200_slope,Q4,0.9108987839444089,21.435646581938983,25.789559903690833,51.86389473042578,524976,4782,112532,135389,272273
ema_separation,Q1,19.683909961769753,29.215375149768462,29.552151808555422,21.54856307990636,524977,103336,153374,155142,113125
ema_separation,Q2,8.917152560969338,30.63372300119815,30.985928907361654,29.46319553047086,524977,46813,160820,162669,154675
ema_separation,Q3,2.021235256468867,26.849227393252264,27.736887019597084,43.39265033068178,524976,10611,140952,145612,227801
ema_separation,Q4,0.1769601334915625,18.867302758025588,18.934162829990647,62.021574278492196,524977,929,99049,99400,325599
rsi,Q1,8.39770123262543,27.463107907584522,23.22920813673742,40.90998272305263,524977,44086,144175,121948,214768
rsi,Q2,6.911540886553125,27.603495010257596,26.509542322806524,38.97542178038276,524977,36284,144912,139169,204612
rsi,Q3,6.980319100301728,26.395301880466914,28.295960196275637,38.32841882295572,524976,36645,138569,148547,201215
rsi,Q4,8.509706139507065,24.10372263927753,29.174420974633176,38.21215024658223,524977,44674,126539,153159,200605
rsi7,Q1,8.539231242511578,27.510538556927255,23.873045866771307,40.07718433378986,524977,44829,144424,125328,210396
rsi7,Q2,6.799916948742517,27.09775856847062,26.46325458067687,39.639069902109995,524977,35698,142257,138926,208096
rsi7,Q3,6.776690743957819,26.3922541220932,27.884703300722318,38.946351833226664,524976,35576,138553,146388,204459
rsi7,Q4,8.683428035894906,24.56507618428998,28.98812709890148,37.763368680913636,524977,45586,128961,152181,198249
rsi21,Q1,8.324936140059469,27.351483969773916,22.757187457736244,41.56639243243037,524977,43704,143589,119470,218214
rsi21,Q2,7.018021741904884,27.832647906479714,26.7204087036194,38.428921647996006,524977,36843,146115,140276,201743
rsi21,Q3,7.046417360031697,26.605978178050044,28.588354515254032,37.759249946664234,524976,36992,139675,150082,198227
rsi21,Q4,8.40989224289826,23.775517784588658,29.143181510809047,38.67140846170404,524977,44150,124816,152995,203016
roc5,Q1,1.7635091889914967,25.117910152083144,21.69661089268843,51.42196976623693,524976,9258,131863,113902,269953
roc5,Q2,13.786535003504921,29.318673615555756,28.91903629880223,27.975755082137088,524976,72376,153916,151818,146866
roc5,Q3,13.3625665271042,28.679134585712816,30.355408077352404,27.602890809830583,524974,70150,150558,159358,144908
roc5,Q4,1.8867529182286429,22.449216726097955,26.238342324220536,49.42568803145287,524976,9905,117853,137745,259473
roc10,Q1,1.6522691556740798,24.993571122434403,21.289394733082528,52.06476498880899,524975,8674,131210,111764,273327
roc10,Q2,13.829637277274683,29.664516718923224,28.99076906665854,27.51507693714355,524974,72602,155731,152194,144447
roc10,Q3,13.468286048451924,28.70123091810261,30.647232053396927,27.183250980048534,524974,70705,150674,160890,142705
roc10,Q4,1.8492344382769432,22.205099681127066,26.282063492668208,49.66360238792779,524974,9708,116571,137974,260721
roc20,Q1,1.4360765907515067,25.04990742363402,20.712342753518286,52.80167323209619,524972,7539,131505,108734,277194
roc20,Q2,14.119229216034379,30.01569607521925,29.054120981690453,26.81095372705592,524972,74122,157574,152526,140750
roc20,Q3,13.51484177221218,28.861213286067226,31.016951412554217,26.606993529166374,524971,70949,151513,162830,139679
roc20,Q4,1.7294255693636993,21.637915926944675,26.425028382466113,50.20763012122551,524972,9079,113593,138724,263576
momentum5,Q1,2.051249816665619,24.585473821755173,22.15707899283234,51.206197368746864,524997,10769,129073,116324,268831
momentum5,Q2,13.554785654458234,29.834577019721316,28.445518921800044,28.165118404020404,525320,71206,156727,149430,147957
momentum5,Q3,13.059357249056461,28.45735961267203,30.848423620906562,27.63485951736495,524620,68512,149293,161837,144978
momentum5,Q4,2.1338565428171403,22.686655300829578,25.760193536711974,49.419294619641306,524965,11202,119097,135232,259434
momentum10,Q1,1.9644295953995052,24.557560472925996,21.81406396729824,51.66394596437625,524987,10313,128924,114521,271229
momentum10,Q2,13.509333333333334,30.108,28.46666666666667,27.916,525000,70924,158067,149450,146559
momentum10,Q3,13.239328222869073,28.39774753493759,31.02206745203225,27.340856790161087,524936,69498,149070,162846,143522
momentum10,Q4,2.0865795258431845,22.501114340900692,25.906997298913854,49.50530883434227,524974,10954,118125,136005,259890
atr_pct,Q1,27.69089516814166,31.278691897122524,31.991870073565547,9.038542861170267,524974,145370,164205,167949,47450
atr_pct,Q2,2.871195280519189,33.06570052174112,33.730496616016445,30.332607581723252,524973,15073,173586,177076,159238
atr_pct,Q3,0.22934512822564207,25.2315833385717,25.954096686877232,48.58497484632543,524973,1204,132459,136252,255058
atr_pct,Q4,0.008000396210098024,15.9884108546328,15.532769241905314,68.47081950725179,524974,42,83935,81543,359454
atr7_pct,Q1,27.280104233336385,31.16028161287373,31.943174545122062,9.616439608667825,524976,143214,163584,167694,50484
atr7_pct,Q2,3.1913900661936285,32.80289537597029,33.49416638887566,30.511548168960427,524975,16754,172207,175836,160178
atr7_pct,Q3,0.3104909757607505,25.40920996237916,25.94314014953093,48.33715891232916,524975,1630,133392,136195,253758
atr7_pct,Q4,0.017334158769465213,16.192390113814945,15.828944235439781,67.96133149197581,524975,91,85006,83098,356780
atr21_pct,Q1,27.829484239159424,31.27385841530596,32.00418308024047,8.89247426529415,524972,146097,164179,168013,46683
atr21_pct,Q2,2.765480825644034,33.11509947197184,33.820851397788836,30.298568304595292,524972,14518,173845,177550,159059
atr21_pct,Q3,0.19505839370174732,25.20043964333268,25.87933428703681,48.725167675928766,524971,1024,132295,135859,255793
atr21_pct,Q4,0.009524317487408852,15.975328207980615,15.504064978703628,68.51108249582835,524972,50,83866,81392,359664
atr_percentile,Q1,8.553077393619944,27.62987762218551,28.314475453010363,35.50256953118418,546014,46701,150863,154601,193849
atr_percentile,Q2,8.497623700506699,27.11348989029628,27.50452651577634,36.88435989342069,515297,43788,139715,141730,190064
atr_percentile,Q3,7.646859134998646,26.250224088674273,26.664263673223402,39.438653103103675,524346,40096,137642,139813,206795
atr_percentile,Q4,6.0485706172272815,24.490117439286728,24.633075166589517,44.828236776896475,514138,31098,125913,126648,230479
bb_position,Q1,7.639836029350137,27.56432724030996,23.3069573234382,41.4888794069017,524972,40107,144705,122355,217805
bb_position,Q2,7.692600748230381,27.486037350563457,26.40636072019079,38.41500118101537,524972,40384,144294,138626,201668
bb_position,Q3,7.777748146567817,26.288449669696668,28.253506853698862,37.68029533003665,524972,40831,138007,148323,197811
bb_position,Q4,7.689362480284663,24.225863474623406,29.241750036192403,38.843024008899526,524972,40367,127179,153511,203915
std20,Q1,25.520789680211514,30.887552098016656,31.559778426277973,12.031879795493856,524972,133977,162151,165680,63164
std20,Q2,4.329564243426316,31.757503257316582,32.361535472368054,31.551397026889056,524972,22729,166718,169889,165636
std20,Q3,0.8813803402848153,25.720228888397855,26.217969720289847,47.18042105102748,524972,4627,135024,137637,247684
std20,Q4,0.06781314051035103,17.199393491462402,17.069291314584397,65.66350205344284,524972,356,90292,89609,344715
volume_ratio,Q1,9.416502213451384,26.98753457327248,27.100683465022897,36.49527974825324,524972,49434,141677,142271,191590
volume_ratio,Q2,6.739026081391007,26.374549499782844,26.76504651676661,40.12137790205954,524972,35378,138459,140509,210626
volume_ratio,Q3,6.938655775927097,26.430362000259063,26.952294598569065,39.67868762524478,524972,36426,138752,141492,208302
volume_ratio,Q4,7.7053633336635095,25.772231661879108,26.39055035316169,40.13185465129569,524972,40451,135297,138543,210681
volume_trend,Q1,7.758157609006229,26.57885212488333,26.952587766920015,38.71040249919043,524970,40728,139531,141493,203218
volume_trend,Q2,7.944088127108458,27.069407907895517,27.413809196352545,37.57269476864348,524969,41704,142106,143914,197245
volume_trend,Q3,8.226961972992692,26.923494530153206,27.32980423605965,37.51973926079445,524969,43189,141340,143473,196967
volume_trend,Q4,6.8704878374002325,24.991904299293292,25.512695963578867,42.6249118997276,524970,36068,131200,133934,223768
hour,Q1,9.66330659658894,27.35597131519941,28.451262641119673,34.52945944709197,611892,59129,167389,174091,211283
hour,Q2,8.881183065978092,26.186912542083697,27.01411422390811,37.9177901680301,525144,46639,137519,141863,199123
hour,Q3,4.999895212347415,24.50964141665285,25.178186640145867,45.31227673085387,524871,26243,128644,132153,237831
hour,Q4,6.775799086757991,27.544063926940638,26.190867579908677,39.489269406392694,438000,29678,120643,114716,172963
day_of_week,Q1,5.176063980765699,26.456013223582055,26.52496952899337,41.84295326665888,598930,31001,158453,158866,250610
day_of_week,Q2,4.698955491983234,26.11186880447076,26.50056549797086,42.688610205575145,601240,28252,156995,159332,256661
day_of_week,Q3,10.368343345467741,26.336823848021957,26.977667031198244,36.317165775312056,600771,62290,158224,162074,218183
day_of_week,Q4,13.428282814768233,26.933831940755802,27.61216994574634,32.02571529872962,298966,40146,80523,82551,95746
dist_from_high20_pct,Q1,18.498700883094717,26.741235723048085,31.034036100973005,23.72602729288419,524972,97113,140384,162920,124555
dist_from_high20_pct,Q2,9.526984296305328,29.501192444549424,31.1755674588359,29.79625580030935,524972,50014,154873,163663,156422
dist_from_high20_pct,Q3,2.5763278803440945,28.602287360087775,27.72509771949742,41.096287040070706,524972,13525,150154,145549,215744
dist_from_high20_pct,Q4,0.1975343446888596,20.71996220750821,17.27387365421394,61.808629793588985,524972,1037,108774,90683,324478
dist_from_low20_pct,Q1,18.926152251929626,29.536622905602584,26.723901465221,24.81332337724679,524972,99357,155059,140293,130263
dist_from_low20_pct,Q2,8.904665391678032,30.464100942526457,29.9530260661521,30.678207599643407,524972,46747,159928,157245,161052
dist_from_low20_pct,Q3,2.6995725486311652,27.330981461868443,29.211653192932197,40.7577927965682,524972,14172,143480,153353,213967
dist_from_low20_pct,Q4,0.26915721219417416,18.23297242519601,21.31999420921497,60.17787615339485,524972,1413,95718,111924,315917
atr14_pct,Q1,27.69089516814166,31.278691897122524,31.991870073565547,9.038542861170267,524974,145370,164205,167949,47450
atr14_pct,Q2,2.871195280519189,33.06570052174112,33.730496616016445,30.332607581723252,524973,15073,173586,177076,159238
atr14_pct,Q3,0.22934512822564207,25.2315833385717,25.954096686877232,48.58497484632543,524973,1204,132459,136252,255058
atr14_pct,Q4,0.008000396210098024,15.9884108546328,15.532769241905314,68.47081950725179,524974,42,83935,81543,359454
true_range_pct,Q1,24.510026153526727,30.663629073273686,31.333182215601823,13.493162557597763,524977,128672,160977,164492,70836
true_range_pct,Q2,5.0967947167209235,31.28651350440115,32.09607278033133,31.520618998546603,524977,26757,164247,168497,165476
true_range_pct,Q3,1.0610008838499285,25.9644250403828,26.476638932065466,46.49793514370181,524976,5570,136307,138996,244103
true_range_pct,Q4,0.13143432950395922,17.651058998775184,17.303234236928475,64.91427243479238,524977,690,92664,90838,340785
volatility_ratio,Q1,10.153112927927586,27.191354967503027,27.523944134163347,35.131587970406045,524972,53301,142747,144493,184431
volatility_ratio,Q2,5.992129104028406,26.25568601753998,26.7764756977515,40.97570918068011,524972,31457,137835,140569,215111
volatility_ratio,Q3,6.168721700817759,26.14734909166411,26.668330250623367,41.01559895689476,524971,32384,137266,140001,215320
volatility_ratio,Q4,8.485595422232043,25.970337465617217,26.239685164161138,39.30438194798961,524972,44547,136337,137751,206337
tail_body_ratio,Q1,13.680027886936,28.116850833465083,28.206188080620677,29.996933198978244,524977,71817,147607,148076,157477
tail_body_ratio,Q2,4.577914841983553,25.893705819493047,26.383251075761414,43.145128262761986,524977,24033,135936,138506,226502
tail_body_ratio,Q3,5.004609734540246,25.84003840175551,26.170529700405353,42.984822163298894,524976,26273,135654,137389,225660
tail_body_ratio,Q4,7.536711132106739,25.715031325181865,26.449158725048903,40.29909881766249,524977,39566,134998,138852,211561
wick_imbalance,Q1,6.194366610346739,26.499446642424335,26.26096000396208,41.04522674326685,524977,32519,139116,137864,215478
wick_imbalance,Q2,11.212257229175657,27.063789382822616,26.899438929650408,34.82451445835132,579250,64947,156767,155815,201721
wick_imbalance,Q3,7.114677408047113,26.22609161190815,27.064624614672095,39.59460636537264,470703,33489,123447,127394,186373
wick_imbalance,Q4,5.854351714456062,25.68969688195864,27.00118290896554,41.45476849461976,524977,30734,134865,141750,217628
minute_of_hour,Q1,7.356218791744948,26.62050761856458,27.276282797688356,38.74699079200211,559948,41191,149061,152733,216963
minute_of_hour,Q2,7.80166838432656,27.158012645278784,27.23687895164962,37.803440018745036,524939,40954,142563,142977,198445
minute_of_hour,Q3,7.967125061902404,26.6435564359453,27.171345853491296,38.217972648661004,525020,41829,139884,142655,200652
minute_of_hour,Q4,7.696938775510204,25.038163265306125,25.399591836734693,41.86530612244898,490000,37715,122687,124458,205140
bars_since_hour_open,Q1,4.204761904761905,27.632761904761903,28.33980952380952,39.82266666666667,525000,22075,145072,148784,209069
bars_since_hour_open,Q2,0.15391179787266465,20.47445978482826,20.944386029075616,58.42724238822347,524976,808,107486,109953,306729
bars_since_hour_open,Q3,6.071896620035964,27.310581817073544,27.498590411752154,39.118931151138334,524976,31876,143374,144361,205365
bars_since_hour_open,Q4,20.369364993189894,30.14791744054252,30.42641750245259,19.056300063814994,524955,106930,158263,159725,100037
