total,target,horizon,case0_count,case0_entry_range_median,case0_future_range_median,case0_expansion_median,case0_expansion_p75,case0_expansion_p25,case1_count,case1_entry_range_median,case1_future_range_median,case1_expansion_median,case1_expansion_p75,case1_expansion_p25,case2_count,case2_entry_range_median,case2_future_range_median,case2_expansion_median,case2_expansion_p75,case2_expansion_p25,case3_count,case3_entry_range_median,case3_future_range_median,case3_expansion_median,case3_expansion_p75,case3_expansion_p25,dataset
2099697,12,5,67728,9.243808058829984,10.730386105291029,1.186102410979606,1.8060231757710206,0.823183918338358,162306,5.1991009647784425,5.623051791964898,1.099463003059879,1.7658052861781273,0.7369637375257261,650460,12.132795772749857,13.08045799100056,1.093004664092589,1.558546533313137,0.78897575396979,1204006,6.1433514811090495,6.252202608012096,1.0268999106289018,1.5480834157298844,0.7117326068498537,train
2099697,12,10,75770,8.389925785298988,9.733662035135197,1.1716162990088312,1.79831421492791,0.8098268248486895,162306,5.1991009647784425,5.82967982913606,1.1529067299163231,1.870945089086983,0.7670118119810072,906290,10.679512762478083,11.443384453587656,1.0833517747662431,1.5446997342547222,0.7793145269043752,948176,5.700237639845845,5.966709781819704,1.0652044823212636,1.6246505777340259,0.7338611134317324,train
2099697,12,15,78925,8.059497454627346,9.407674616127041,1.1732179440760446,1.8149272106561163,0.8063331655487552,162306,5.1991009647784425,5.9731318368502055,1.184469051404752,1.9325548271143038,0.7821488836042166,1057156,10.04120004221556,10.79010792062807,1.0832995520064095,1.5530437457328947,0.77629229912302,797310,5.468561559103401,5.825327116239364,1.0882434476768685,1.6760903123787454,0.7440039663651521,train
2099697,12,30,81612,7.780157261795541,9.174828644101993,1.1802323154626049,1.8475528823011294,0.7993318459254692,162306,5.1991009647784425,6.294670812009075,1.2425226697506528,2.05740094350297,0.8075699336734559,1293654,9.237038865965806,10.024345065627045,1.0908981457821891,1.5834159413261384,0.7718007458539434,560812,5.146692589578484,5.6668323334825175,1.130079788141181,1.777312243456296,0.7595799396089554,train
2099697,12,60,82529,7.682980996627643,9.13918556454092,1.1886397181911452,1.8848718358268906,0.7970411423654692,162306,5.1991009647784425,6.675617008375664,1.297891568938514,2.1868770058786833,0.8294111259443416,1492850,8.680261129859218,9.604348066437112,1.1058927461314032,1.6335202849814576,0.7704311191218365,361616,4.888809228895052,5.566500320557314,1.1698060307282114,1.8788521614229006,0.7728903874615011,train
2099697,12,120,82844,7.648013525726945,9.208066142427445,1.2025949484175016,1.93398176176895,0.7960200286093978,162306,5.1991009647784425,7.0077161128130285,1.3426134466928503,2.2728167612342878,0.8473341657888049,1648598,8.297727706183803,9.405119451025946,1.127301440245131,1.6983373026187387,0.7708865884368441,205868,4.7312897681804245,5.489189194221858,1.205862494383805,1.9696542979303495,0.7831472933481542,train
2099697,15,5,52959,10.104032997943065,11.925251763705097,1.2110378749873298,1.8316042280217693,0.8420563382094659,203528,5.199594665819129,5.615372846290015,1.0930968476424678,1.7454088750586587,0.7350043215441493,512210,13.115219075691282,14.387110889704129,1.1119445850292875,1.58793262332921,0.8023593340961738,1313689,6.473170196099073,6.62847655193106,1.0263676216081188,1.5341190198419814,0.7154863696875838,train
2099697,15,10,61444,9.003159523174983,10.510226698652648,1.1831498117267714,1.8088313576659703,0.8195260781549918,203528,5.199594665819129,5.785303582099226,1.1414865487552899,1.8373840266286703,0.7623172532608509,758541,11.366981003690853,12.273522308841663,1.0936969564238062,1.5588176240549896,0.7870748085485505,1067358,6.007187323185663,6.283314004465566,1.0590877729851575,1.5974661766846814,0.7349702593548764,train
2099697,15,15,64901,8.550773398972193,10.039674546224694,1.1796150706285093,1.8183727826336953,0.8143505150570314,203528,5.199594665819129,5.901826523892436,1.16979624516818,1.894461855194975,0.7766001845508668,912056,10.605472659095865,11.428689591715948,1.0905838417747853,1.5606958406412117,0.7820114631518837,913843,5.753064723409295,6.096478288324359,1.0787788615994633,1.6420190299850068,0.7436553125404608,train
2099697,15,30,68343,8.104392449462626,9.577860123867628,1.1825073627314595,1.8468917303846126,0.8029463154485066,203528,5.199594665819129,6.177514017049845,1.2225824696424539,2.0064807014441,0.7994794644744381,1166644,9.617974794533524,10.430272438309466,1.09353120267089,1.583896365965411,0.774958003837205,659255,5.377084636253147,5.86060505026938,1.1157178906652507,1.7329871535360586,0.7560380590715633,train
2099697,15,60,69692,7.934995991681854,9.434398977862626,1.1881310320822407,1.8792043799591096,0.7978211417433477,203528,5.199594665819129,6.5422389719647684,1.274993409383863,2.134175947944172,0.8201520016298174,1391592,8.942275624256146,9.868246871198908,1.1059662159234311,1.6296885815321627,0.7719501666029668,434307,5.0693264646243215,5.681464971698255,1.1522949676707546,1.8267151350776634,0.7666667987543893,train
2099697,15,120,70139,7.884843530145065,9.465443240976697,1.1979716268784661,1.9235121184835842,0.7943163067034967,203528,5.199594665819129,6.85815534699043,1.3220282402225758,2.2242660116440773,0.8382320620226874,1574034,8.470388368101352,9.570785667180765,1.1260076492317945,1.692363918100753,0.7712642856685705,251865,4.862460715822741,5.538269271560557,1.1862791282032525,1.9199313369720294,0.7750056515704711,train
2099697,20,5,36040,11.4383950124865,13.91825940374827,1.2526551973582267,1.8873305580916548,0.8725289321538674,271705,5.221214725445853,5.626046323157602,1.0843525342200433,1.720748896400258,0.7311285269506068,352593,14.754756775098397,16.613414075056212,1.1426294028831587,1.639583616227916,0.8217412042371681,1419926,6.9102670147913745,7.159594995468943,1.028680418483389,1.5235387137641816,0.7215945028029604,train
2099697,20,10,44471,9.9390586197588,11.80555582482754,1.2078982247883718,1.837744011831243,0.8409384981134549,271705,5.221214725445853,5.770002676697345,1.1269601728979206,1.7985125864870546,0.7563552916125439,568871,12.512263581100889,13.719048071990267,1.1126313931347849,1.5876892959227265,0.800809473786525,1203648,6.450666376765797,6.761151270652983,1.0549465944434324,1.5716760425052194,0.7378312713562595,train
2099697,20,15,48213,9.301464681731881,10.99464351327288,1.1997775528457417,1.8378882270055483,0.8315339560261387,271705,5.221214725445853,5.854037220022984,1.151302825672674,1.8467599331820828,0.7687184638645154,715768,11.537257052009679,12.555667554542651,1.104099696665827,1.5787784265200544,0.792370735861734,1056751,6.171935355837451,6.532293345640096,1.0707803655977963,1.6070106016255197,0.744389762159481,train
2099697,20,30,52554,8.573863558313132,10.160203373732898,1.1947821920146748,1.8546291987348,0.8126376059655538,271705,5.221214725445853,6.073296346094407,1.1972974303770536,1.9458090704564988,0.7884426527765095,980021,10.266166459281951,11.158751716741335,1.10079534498315,1.5900010525167558,0.7815093164338596,792498,5.741030792531376,6.18445788615642,1.0991452503125836,1.6811806556915687,0.7526721887540818,train
2099697,20,60,54519,8.23620265159989,9.848475470995902,1.1934823646520467,1.8840096209437025,0.8024699949543035,271705,5.221214725445853,6.389158590188282,1.2443542503234253,2.0603079025285287,0.8059759665861836,1233598,9.38196630613606,10.326923080866631,1.108072107653034,1.6271038642991336,0.7752617056250841,538921,5.3665173630686995,5.91526107677781,1.1313147350887742,1.7655503803020318,0.7597949954440376,train
2099697,20,120,55231,8.12173796933099,9.787440071744898,1.1981711440542402,1.922344485703115,0.7954263032583688,271705,5.221214725445853,6.680661029183103,1.2901532128403597,2.1553719856349285,0.8231227823475717,1451071,8.766549698316876,9.86172760971923,1.1254237012807924,1.686049992771976,0.7727793613617627,321448,5.081706919361779,5.700778828067952,1.1595865307172004,1.8508803705664858,0.7654103071187139,train
2099697,25,5,25269,12.68782758031793,15.974273094021362,1.293284557603137,1.9608725791725055,0.8995698464786742,339912,5.240105351776925,5.637231775391928,1.0801562804311917,1.7122367150690065,0.7290095655503962,250309,16.378013347412804,18.90985221243654,1.1728392639632377,1.695204538056705,0.8394325502285045,1463863,7.270604176191193,7.596378814488176,1.0313416580674248,1.5179516166885931,0.7262851240994024,train
2099697,25,10,33181,10.820632830444445,13.05963483951291,1.2363376778112056,1.885423988613616,0.8612640139749125,339912,5.240105351776925,5.770918465800547,1.119985839229392,1.7810277841243436,0.7528998990900916,433926,13.610806084314387,15.185805448882501,1.1328024366090557,1.6219877338256339,0.8136527253079854,1280246,6.823327235009838,7.191923368160957,1.05334833592898,1.5551913909336308,0.7408839036127502,train
2099697,25,15,36961,10.023925028604232,11.986457054043667,1.2202414521443203,1.864807885988062,0.8441255108612321,339912,5.240105351776925,5.83529915789336,1.1407475297781065,1.8227383922171034,0.7640991522873872,567756,12.439528168419464,13.69970172522284,1.1199002450417017,1.6034198074906476,0.8028785845088688,1146416,6.549965903751511,6.9361194171599365,1.0660748760000036,1.5838207537842313,0.7461257801064314,train
2099697,25,30,41571,9.060407027999533,10.800174895577264,1.20595954883411,1.8670204045419232,0.820549739035138,339912,5.240105351776925,6.00657261285838,1.179975681501145,1.9070300844208619,0.7806956481755862,825049,10.900222861550944,11.9333706813682,1.1102197996176404,1.6024160449627929,0.7890748028547551,889123,6.085466639790834,6.520156181942868,1.088953896084708,1.6453480231094302,0.7512223447483588,train
2099697,25,60,44103,8.53255766490829,10.237782870899137,1.201169839215502,1.8959192581019022,0.8071658502390542,339912,5.240105351776925,6.269708547041547,1.2234835869139036,2.011257034153001,0.7959434062277594,1091084,9.829093970953629,10.823936679856015,1.1122886581746179,1.6304308936159246,0.7798805257778956,623088,5.663422570522874,6.168464182187234,1.1159017152961752,1.7204190657048524,0.755725327417861,train
2099697,25,120,45168,8.31903508970548,10.038674892146647,1.2023357366362772,1.9320345980876747,0.795603069856865,339912,5.240105351776925,6.554201737063739,1.2669862119363446,2.105515665101689,0.8112941730527733,1333662,9.070296998528386,10.175273628238624,1.1264850353834186,1.6832682178927239,0.7752009583873478,380510,5.33096224727546,5.898400807144092,1.1412596958987284,1.7978637972699558,0.7587418366316958,train
2099697,30,5,18344,13.867069957353172,17.98864399031436,1.335526155670057,2.0309862384781594,0.9234602270112741,405835,5.276901131299895,5.672909555254266,1.0768421948934077,1.7047258702508887,0.7274845567434397,182965,17.871649463226177,21.191269881196824,1.2040150258847482,1.7504401215674408,0.8576851901013955,1472202,7.561489219229287,7.947840820725673,1.0339046416052677,1.5154249267847288,0.7300438331606234,train
2099697,30,10,25514,11.62607046074661,14.392314606009638,1.2645042527093406,1.9403488172718393,0.8770481723635908,405835,5.276901131299895,5.801705585322573,1.1142220771540134,1.7660061728349707,0.7503794416047972,336425,14.6763396581526,16.66272780954851,1.1527163737847854,1.6567225521738023,0.8258679829453512,1318742,7.143012111209985,7.566377733357285,1.0539833603105366,1.5462049733355958,0.7440157247189751,train
2099697,30,15,29105,10.659931649354322,12.974951797868448,1.2423373955168617,1.9077633049865539,0.8582515009509117,405835,5.276901131299895,5.860774053478285,1.1331470576681661,1.8044288883181043,0.7604907920784182,455020,13.302678334010249,14.873839844158347,1.1368068725710172,1.6314488928454542,0.8131527625055301,1200147,6.8719316726103905,7.297902321480333,1.0642387776694215,1.568966209950747,0.7483104030606338,train
2099697,30,30,33865,9.517797680997415,11.444181234195232,1.2234545116128306,1.8921752376598266,0.8311117498812887,405835,5.276901131299895,6.004940788389522,1.167642474329373,1.8801987059825211,0.7749048994371138,697650,11.513185394768616,12.702628917874229,1.121306067267665,1.6195577887431298,0.7969048741915838,957517,6.3988492509919395,6.839446692655959,1.0824496694833132,1.61995061565932,0.7513082227021648,train
2099697,30,60,36757,8.775663690324002,10.595402085363691,1.210260222434409,1.9108776108812848,0.8133423205013416,405835,5.276901131299895,6.224521547447881,1.2070530253927607,1.974322698404269,0.7888999635816407,966110,10.250925500432565,11.32539088624283,1.1186045600854333,1.637401214740969,0.7853496319638729,689057,5.941647667072823,6.430139695225809,1.1044820822507857,1.6870362752839576,0.7533215840558286,train
2099697,30,120,38053,8.453115011836593,10.24216201742813,1.206443770939353,1.9442580397558467,0.7966845335428967,405835,5.276901131299895,6.4848427679727205,1.2481509708132,2.06326580614272,0.8022979351356461,1225470,9.358929019783563,10.496755918455438,1.1290995133526476,1.684094253146878,0.7782579086583221,429697,5.567996371691092,6.105100547790162,1.127393587204006,1.7576817073529412,0.7548857063932202,train
2099697,50,5,6304,17.350346270934075,25.84607069008314,1.5176207635580066,2.38558642440225,1.0334537865626097,651302,5.515382334852026,5.919551632640867,1.0714699855932972,1.6761377291148727,0.7273889728398654,65966,23.526616614193834,30.214018683510204,1.3120463049467617,1.9666232513525272,0.9124805700581953,1358430,8.390164195533707,8.886294027796051,1.0406202115377188,1.5121042392377486,0.7391441357929621,train
2099697,50,10,10419,14.118710114643926,19.48439980131472,1.411001757485536,2.178434870840895,0.9564036526648021,651302,5.515382334852026,6.044717428066088,1.1025772463137709,1.7222121289689825,0.7488633189542682,141070,18.556671111168384,22.528511175384835,1.2330621138573838,1.8067693957695947,0.8729638902554882,1283326,8.100238546186413,8.66792380677936,1.0573211540967593,1.5317731965148076,0.7522725959174502,train
2099697,50,15,12985,12.671162748990731,16.92862114567895,1.3643938947009275,2.1123149701457837,0.9262160210385914,651302,5.515382334852026,6.10078584834691,1.1173392068278147,1.7506841445235624,0.756985232150668,208821,16.474255304114752,19.45932656717856,1.20449461645747,1.7532523703687413,0.8520090853635236,1215575,7.877251497163094,8.449506891128793,1.0644951110768197,1.5455524529262807,0.755592196223635,train
2099697,50,30,17392,10.797061730015503,13.839478774555982,1.3097140762560975,2.053211477465186,0.8878100906108859,651302,5.515382334852026,6.212770236412583,1.1424409194626226,1.806926714828584,0.7668353840452002,377075,13.685661168225469,15.75609580455984,1.1705802180660252,1.7026077031617923,0.8269076160832168,1047321,7.423018126227989,7.954467576803611,1.073844982071942,1.5738109261974491,0.7554635352785058,train
2099697,50,60,20515,9.617048938606208,12.051564831815034,1.2803083111795261,2.040326065422706,0.8543282453406642,651302,5.515382334852026,6.336851586075518,1.1714193457735265,1.8743737111395469,0.7752080642919243,606801,11.809140860603103,13.308865029017653,1.1501978975938065,1.6854516280961631,0.8070795241372746,817595,6.914423903821151,7.426586381697467,1.0849527102539027,1.6148731228194406,0.7522038880205547,train
2099697,50,120,22594,8.861640678630618,11.050176610450947,1.2534071089806291,2.0369572034764847,0.824169184349295,651302,5.515382334852026,6.490835023981614,1.2018948017958908,1.947802561509449,0.7835216723720343,875063,10.462424314377344,11.80180353712934,1.147155731323763,1.7031497753521205,0.792023178036974,549333,6.418913122866754,6.9283862539331516,1.0975874130821934,1.6695154363175422,0.7485408488894655,train
1049132,12,5,42576,6.258485011401147,7.476726761304484,1.2332072090995123,1.965110975174484,0.8400590733067107,102711,3.685919368204384,3.926048899257527,1.1090655510694591,1.9863821659303753,0.6919450087033705,211612,8.754718340189454,9.661290265631024,1.1302632926729652,1.6781141835992521,0.7986074918057139,675041,4.156262596694234,4.225138098248853,1.0369843528923037,1.7528883473437293,0.6695580660225534,test
1049132,12,10,52429,5.455219599206786,6.280354580194045,1.183890982162678,1.9225413398481763,0.7963236089719686,102711,3.685919368204384,3.9979285353881573,1.151666782044287,2.062157640373576,0.7188130548913534,335861,7.340048951476968,7.918609966323639,1.1045123277523146,1.6668008089677593,0.7727887031725414,550792,3.878928743186704,4.006080016170408,1.072459921508671,1.8472769229866493,0.6891652498397117,test
1049132,12,15,55888,5.1805696197206395,5.915328790352708,1.1754070148379125,1.9280434915876061,0.7827467855690984,102711,3.685919368204384,4.063793074411334,1.1745840313608082,2.1116967692732604,0.734770905324496,415823,6.76736712178519,7.244720808674498,1.0992757129728337,1.6752115236252187,0.7618988966974363,470830,3.733700037823673,3.910095012617181,1.0940184922672738,1.9085772370799812,0.6999172755207224,test
1049132,12,30,58651,4.963727087030077,5.634877949458891,1.1710901602153503,1.9523908073798135,0.7681073490877972,102711,3.685919368204384,4.2055934508432165,1.2187002512502232,2.217423495250477,0.7562824563766215,550289,6.043063826999169,6.480935705919469,1.0977618864700611,1.718297883248509,0.7483514988096492,336364,3.5318242731789447,3.820645622303936,1.132034887574902,2.0372324112473468,0.713484845720276,test
1049132,12,60,59499,4.888563222387126,5.559746775392484,1.1708474782034501,1.9952317715942998,0.7584601909048789,102711,3.685919368204384,4.396874716802267,1.2745482770431604,2.356570928857996,0.7777363819387757,667202,5.600369920788181,6.044942902768898,1.1065020791524807,1.7860369092040642,0.7381622274589814,219451,3.3761127061139513,3.7955541134306787,1.1733984476177788,2.1850071106426827,0.7256647030528389,test
1049132,12,120,59708,4.868012748799837,5.568022020054351,1.1749027216041874,2.052907981242009,0.7473315808834384,102711,3.685919368204384,4.590493683109574,1.3252148491790665,2.507021319725113,0.794055358250801,760885,5.305902156655501,5.843626965835921,1.1211667089579493,1.8823950217254297,0.7294915761721199,125768,3.271228009269697,3.8083068289169595,1.2174921296433365,2.335120794736296,0.7350477906487637,test
1049132,15,5,30618,6.884184308487521,8.508723505014613,1.2665914978468842,1.9966761979422396,0.8689133486341365,127221,3.667167121484657,3.9062902267467536,1.1030790053622332,1.9774115023450611,0.6884689696427021,156132,9.676716329521916,10.87977304111594,1.1498339581903996,1.6958119478699099,0.8150751357252164,715425,4.348390531059153,4.467336742159608,1.0401165161357437,1.7365412627331425,0.6776091773409192,test
1049132,15,10,40639,5.831470502478971,6.833349542793573,1.205680455594334,1.9372286602283588,0.8171632700035585,127221,3.667167121484657,3.9680426683555354,1.1427205050940072,2.0423032026246,0.7154889173099568,267699,7.956591986343294,8.675756316836198,1.1156798872563194,1.6696351874009034,0.7842364753337073,603858,4.0564283851810945,4.2049778927251555,1.070060756529759,1.8143744858556186,0.6937831448462988,test
1049132,15,15,44757,5.454687848503754,6.30517977560839,1.1910203507233972,1.9393918536170507,0.7996564428527607,127221,3.667167121484657,4.019887148142008,1.162551924567226,2.0833044126378066,0.7289999431613193,344671,7.247130149961883,7.814565907595246,1.1068048976063842,1.674606199088171,0.7709632727711127,526886,3.8966093667451864,4.074686528795812,1.0888228905162762,1.8674092676110174,0.7031558717944189,test
1049132,15,30,48521,5.097124663100268,5.829875790538373,1.1834759815085685,1.9633258119415253,0.7774268782017644,127221,3.667167121484657,4.141060512752624,1.203550960833677,2.1840948579012376,0.747705500274661,482834,6.360635039083291,6.83160160926284,1.1008779327727667,1.7113770675846707,0.7539836220105005,388723,3.6622747159159093,3.9154461400824485,1.119002449926448,1.9792258058002778,0.7125295347181693,test
1049132,15,60,49868,4.967766840781975,5.678818470308562,1.1776975646373637,2.0099057299404577,0.7656846292158423,127221,3.667167121484657,4.313126414125045,1.254228580642035,2.314227729713661,0.7680645511298703,611615,5.801235010165516,6.258271891768506,1.1060841407646262,1.7735091568564716,0.7408351455751311,259942,3.471519250150598,3.843546823031927,1.157513104901044,2.124889874932936,0.7210412599615804,test
1049132,15,120,50265,4.925603010114623,5.650533885077147,1.1796838151797462,2.0612618049748423,0.751756505074674,127221,3.667167121484657,4.498655291015088,1.3026298005691124,2.4623872908895783,0.7833107598142124,720549,5.428882513924878,5.966998118711782,1.11924885939353,1.8702933060856524,0.7303692278968926,151008,3.33900483657537,3.828791282286437,1.1985741783197077,2.2711054359311444,0.7272625136719825,test
1049132,20,5,18095,7.998699057341695,10.301308867795175,1.3127421846782643,2.0631153205605837,0.8957962585991086,168127,3.6410122317412466,3.8827267906705254,1.0973967747854942,1.9727077314812846,0.6856774553079416,97065,11.174797016466263,12.901275746453683,1.178115433237362,1.730388806938598,0.8396647125316672,744409,4.609584064209573,4.80104795475113,1.0457291885964284,1.7200224886482391,0.6872365573456242,test
1049132,20,10,26978,6.491488198902869,7.873347781571088,1.2491895977129528,1.9900543369769483,0.8472748451490506,168127,3.6410122317412466,3.9358102257646967,1.1345553016853258,2.0331158827752365,0.7122748916846231,185276,8.998403971487624,9.999701173579348,1.1342441760536275,1.683986903977613,0.8009917045584372,656198,4.328635658090322,4.51422822502105,1.0696544853841514,1.7773199812647125,0.701638975742646,test
1049132,20,15,31418,5.913954642354637,7.031014050676733,1.2199524827712862,1.9715229750848386,0.8233446778835414,168127,3.6410122317412466,3.9752804995962396,1.1519053865206506,2.0697336401984208,0.7245404741096163,252644,8.068317559495927,8.822093592505446,1.12079142969293,1.6810371719326307,0.7854474446864592,588830,4.154375866972523,4.3503792443307026,1.0835904916940255,1.8169981493935834,0.7083646718351689,test
1049132,20,30,36345,5.33892742837217,6.225505114624593,1.1987598061294245,1.9880464627435168,0.7942287760291629,168127,3.6410122317412466,4.067323857471015,1.1885434001356252,2.158757519936575,0.7405298735710326,386212,6.911486673767763,7.45839941173153,1.108733859326635,1.7061340511555059,0.7637810913036827,455262,3.8791740746344265,4.112154382318242,1.1064517201813466,1.9088988273806557,0.7135980500833693,test
1049132,20,60,38586,5.068170442846265,5.873379512539556,1.1903490956011034,2.03400090672534,0.7738526483489524,168127,3.6410122317412466,4.211653674852832,1.2323571571814689,2.276376138750018,0.75532050799118,525579,6.136936896959305,6.643917519481431,1.1090984389115113,1.7626737695380896,0.7473356546468048,315895,3.6500892750568146,3.95934628001301,1.134145264068377,2.0325160119446117,0.7159152680372687,test
1049132,20,120,39297,4.980017885855994,5.751646656355215,1.1872812114442732,2.078213861843648,0.7545171271273995,168127,3.6410122317412466,4.358425380120834,1.2760105337485863,2.4159176770541557,0.7673294314489421,653010,5.635407533495739,6.201280364283191,1.1189556685615343,1.8542020832233004,0.7337967079378795,188464,3.479322662154831,3.8902679977576478,1.1669609984807583,2.17553278687876,0.7174076240750565,test
1049132,25,5,11210,9.115155191562526,12.191473037467127,1.359782640327731,2.156100390126787,0.9235695665973112,208662,3.6469934003411812,3.8939925939850975,1.0962441816708641,1.9693399651892993,0.6849667732083764,62905,12.590492195389958,14.901352874109216,1.2038161438334223,1.76617353627335,0.8584216840858828,744915,4.815916282251756,5.048058103733281,1.0492575945263587,1.708245951948862,0.693721635027036,test
1049132,25,10,18391,7.211478307555519,9.060170873974759,1.282153888665139,2.020523076340095,0.8710195068454605,208662,3.6469934003411812,3.942151778248312,1.1313383084802473,2.027526832230427,0.7107186869443443,130504,10.02423677376568,11.388036744670483,1.151642848224725,1.7056062348223524,0.8161896800031875,677316,4.555325309554027,4.782393861643445,1.0703169508162305,1.7537373379850827,0.7076716590698465,test
1049132,25,15,22670,6.4489692049258736,7.86909113141128,1.2474038020231115,2.0034388358876667,0.8477288937417392,208662,3.6469934003411812,3.972484331398951,1.147399457474366,2.0574143603385773,0.7220501361199627,186616,8.892323675020181,9.90451714029096,1.1341764392816536,1.6938718856835346,0.7983523459834894,621204,4.3833915061121775,4.608108605845789,1.0813478613513174,1.7843652646861718,0.713250782694751,test
1049132,25,30,28133,5.602238716081475,6.671790427851319,1.2204164443656762,2.011002728903698,0.81124368161509,208662,3.6469934003411812,4.046623408569234,1.1783170325729788,2.1338038071946532,0.73566938365831,307999,7.474253815731621,8.132899043669186,1.116597503474349,1.7088433123188906,0.7726277547505127,499821,4.083327432879478,4.321979534955841,1.0988637467145066,1.859570756207553,0.7163030669196406,test
1049132,25,60,31063,5.195498711228609,6.098048753105583,1.2067859896282438,2.0443398484915365,0.7860098680652998,208662,3.6469934003411812,4.173004176576573,1.2150455918979084,2.242493370459762,0.7479750866878214,448803,6.49770017557803,7.059624045294983,1.1137493235360634,1.7573588480437674,0.7531866825541118,359017,3.8227981856823368,4.103630071779305,1.12041590149508,1.9677695462033287,0.7150035092095096,test
1049132,25,120,32219,5.026142876351902,5.859303687896769,1.1941900619304615,2.093524096460007,0.761709001925221,208662,3.6469934003411812,4.297629392842406,1.2541304347194813,2.3716225532700363,0.7563488665157476,587210,5.859675728541498,6.448591098204096,1.1203998750069641,1.843013323886638,0.737295977488828,220610,3.6144548684330937,3.9754193621916665,1.147008677079386,2.1014279799179736,0.7137438420838059,test
1049132,30,5,7200,9.975397929398005,13.912719916860405,1.402855347916006,2.2549857065107184,0.9488139349971854,247797,3.6702362497057996,3.912867707297628,1.0928126995407177,1.9602296358811875,0.684090339326409,42340,13.841967812165837,16.833285445557827,1.229385238646922,1.8060140366057797,0.8741122280489998,731368,4.981337798211434,5.235387159838689,1.052530022213635,1.7009326319127687,0.6988964642645564,test
1049132,30,10,12683,7.950539065478494,10.264483265098644,1.3228622084032653,2.0817735551566834,0.8974071074011314,247797,3.6702362497057996,3.960380481270505,1.126080559461944,2.014037846445178,0.7091896765208539,93777,11.066730581710424,12.734524589023913,1.1671750897000521,1.7299153822443847,0.827954746292003,679931,4.747838255174264,5.013914241069694,1.0720398353803673,1.738203635044881,0.7131940804035412,test
1049132,30,15,16453,6.966913387717479,8.763777124660745,1.2878591971616815,2.0464023029128113,0.8693536884228682,247797,3.6702362497057996,3.9894503104424586,1.1405934203903143,2.040928647484683,0.7195713231034124,139598,9.720907554704862,11.028287259313966,1.1482953094272639,1.711251000943792,0.8101330148801988,634110,4.581242627537501,4.839177953206973,1.0816931704653079,1.7633028969927884,0.7178931669184604,test
1049132,30,30,22122,5.866901628307909,7.151140078419004,1.245187077066864,2.0417927632911996,0.8266374547257872,247797,3.6702362497057996,4.052237698416115,1.1680286445562607,2.1088976805633806,0.7322434734578736,246839,8.01008985189319,8.852772525437423,1.1269418200130001,1.7189958953150648,0.7824579594625243,526869,4.277568786003977,4.5246467368494585,1.0948517135297768,1.8266185549596108,0.7189679317399694,test
1049132,30,60,25449,5.332074940982023,6.329542558767778,1.2215090029927056,2.074937633273621,0.7978032457630797,247797,3.6702362497057996,4.155023508201149,1.2001540774127233,2.204331265881738,0.7422478140130354,383083,6.847555236561284,7.496279071835058,1.1210624372246407,1.7596256802339028,0.7603055180486452,390625,3.992202336462249,4.260588766444499,1.1106743324075894,1.916702733839931,0.7151941954359422,test
1049132,30,120,26978,5.068745792197808,5.959385061487141,1.2058013900586513,2.1165691648148504,0.7667407426936421,247797,3.6702362497057996,4.266211430627439,1.2343838106286813,2.3248086159452694,0.7477312827240865,526804,6.075855151066233,6.704678936149992,1.1246108073625773,1.8413244637027244,0.7416179599505918,246904,3.7524538990404492,4.08391441634383,1.131416427181763,2.037481317694131,0.7111044573413786,test
1049132,50,5,1650,13.303861851191003,20.907813829511472,1.6095040124035953,2.6933532903207666,1.0658230782422717,391572,3.7876813487794196,4.036780186566195,1.0878864062751905,1.9278716055013365,0.6862903212528835,11318,18.454600218859902,24.345017639604656,1.323942062103513,2.0027743051673785,0.9184123851064171,629025,5.451892607979365,5.738582450193192,1.0574897063328865,1.6756033509813604,0.7091924961907624,test
1049132,50,10,3792,10.25228591354748,14.870352897690466,1.453360730719123,2.328052133309362,0.9847883764991372,391572,3.7876813487794196,4.088810082245315,1.1177661584271656,1.9733507565902704,0.7095511312692202,30399,14.446537918040828,17.795222394261035,1.2319182114746101,1.8504322536590179,0.868280362888812,609944,5.317026037530811,5.657657570530523,1.0748927473103957,1.7009831491409786,0.7248883660723998,test
1049132,50,15,5471,9.028912363325208,12.680786228061438,1.4165711519874242,2.2621176416545907,0.9536460254419814,391572,3.7876813487794196,4.116381844745501,1.1295065806486488,1.9939811675472359,0.719610055378138,50902,12.64127891789813,15.107589004665439,1.2011351924347307,1.8013552071370602,0.846742026494527,589441,5.195269414599794,5.541729099537418,1.0826220772682171,1.7176501924561538,0.7298605868025191,test
1049132,50,30,9126,7.213717440705832,9.58461501817784,1.3462112035406093,2.2023109804779586,0.8947901486028456,391572,3.7876813487794196,4.166890818447589,1.1491986663914613,2.0421157906814518,0.7290082095971684,109436,10.11697992374562,11.788366956518267,1.1737289420395007,1.78948135311711,0.8152419277389368,530907,4.929097288758963,5.244537082337699,1.088947100487666,1.7545785981933912,0.7290975893888866,test
1049132,50,60,12727,6.052022712199882,7.76949019359343,1.307205500884295,2.2111546741358596,0.8510303416800474,391572,3.7876813487794196,4.215090772828268,1.169439663401623,2.110477408415528,0.7328619632498716,205191,8.256184429234882,9.410831366993445,1.157180864771667,1.8082947779065042,0.7888544817850871,435152,4.60278048551789,4.884766204095546,1.0942581136165932,1.8086737262833434,0.7206828585981792,test
1049132,50,120,15513,5.3697043144900665,6.5494694914439116,1.2615273960327298,2.210655686986547,0.7967740441146128,391572,3.7876813487794196,4.285003130537157,1.1908824502366964,2.2037652099127367,0.7323226824908401,338271,6.94941570195609,7.880414033984819,1.153902894774022,1.8727127832666515,0.7639243943596021,302072,4.30343917787442,4.5826187356114065,1.096993832221289,1.8807523510521813,0.7079712149866204,test
