total,target,horizon,case0_count,case0_mfe_median,case0_mfe_p75,case0_mfe_p90,case0_mfe_p95,case0_mfe_p99,case0_mae_p95,case1_count,case1_mfe_median,case1_mfe_p75,case1_mfe_p90,case1_mfe_p95,case1_mfe_p99,case1_mae_p95,case2_count,case2_mfe_median,case2_mfe_p75,case2_mfe_p90,case2_mfe_p95,case2_mfe_p99,case2_mae_p95,case3_count,case3_mfe_median,case3_mfe_p75,case3_mfe_p90,case3_mfe_p95,case3_mfe_p99,case3_mae_p95,dataset
2099697,12,5,67728,15.93287698118193,20.573844587230546,28.698944446106527,37.06348529291985,63.58582712865258,0.0,162306,5.8744099633876115,8.999962334025067,10.820898546307019,11.412909123401445,11.890316716309552,617.0977701044546,650460,16.13503391515677,20.962661418922554,29.120698316050778,37.21744172221389,65.47092788461966,25.16071684290294,1204006,14.947397062677782,18.68079186270424,25.281760026718494,32.13390675801945,56.789737155740006,128.31287049169606,train
2099697,12,10,75770,15.625210758517014,20.000587615118473,27.767199012482564,35.67845841403145,62.026317201104874,0.0,162306,5.8744099633876115,8.999962334025067,10.820898546307019,11.412909123401445,11.890316716309552,617.0977701044546,906290,15.771916663096956,20.210945337370326,27.70253205643436,35.15160376109318,61.41395163489556,30.01221909179752,948176,14.926595893819472,18.74648617304456,25.648682018139503,32.8906329380171,58.78237217227583,143.2861272509176,train
2099697,12,15,78925,15.49451037006033,19.8067452840974,27.437677930034294,35.14801850322619,61.59208086798154,0.0,162306,5.8744099633876115,8.999962334025067,10.820898546307019,11.412909123401445,11.890316716309552,617.0977701044546,1057156,15.614953855727789,19.895851067469184,27.148912616531995,34.36226958433893,59.8838598496021,33.98139885154126,797310,14.953032886758667,18.88190134763988,26.04594764805261,33.61323437715147,60.446997225351424,153.98765824142848,train
2099697,12,30,81612,15.38135033309732,19.633686301403355,27.13472532857757,34.812746421626464,61.402620556823905,0.0,162306,5.8744099633876115,8.999962334025067,10.820898546307019,11.412909123401445,11.890316716309552,617.0977701044546,1293654,15.422264260738896,19.536489209702662,26.55616498597337,33.53955728657174,58.30194571094837,42.532748673719794,560812,15.080839691728364,19.315564377696543,27.085608508337693,35.37282193259783,63.47832036877898,176.75474863682692,train
2099697,12,60,82529,15.344852254932615,19.577464788732737,27.07188948576558,34.7827035994139,61.83946409888848,0.0,162306,5.8744099633876115,8.999962334025067,10.820898546307019,11.412909123401445,11.890316716309552,617.0977701044546,1492850,15.319859445953565,19.366859219960148,26.31056575477171,33.26636927266908,58.00042998362099,53.474333471299,361616,15.321888604106729,19.97714601435566,28.474502888705423,37.67165667750858,66.70120808459666,205.06234685328278,train
2099697,12,120,82844,15.331134372666138,19.55681262232148,27.055345004497763,34.800447899211065,62.13673919115758,0.0,162306,5.8744099633876115,8.999962334025067,10.820898546307019,11.412909123401445,11.890316716309552,617.0977701044546,1648598,15.279939258916649,19.3299173557321,26.302190062565455,33.29314572238069,58.19756716450054,66.73487570542136,205868,15.703262158102294,20.773218174074376,30.286050753364606,40.681021758488036,71.56108632200963,241.41398865784532,train
2099697,15,5,52959,19.1916737836499,24.127990715955647,32.832452014570286,41.849559315114085,70.53721945881038,0.0,203528,7.477663858787691,11.307889427470174,13.523041282380426,14.271185519174235,14.853866770237357,607.1355819406904,512210,19.513124670792113,24.790696057925942,33.74069489298357,42.60332334568994,73.45943041294896,26.836735321896192,1313689,18.208986977268435,22.27245698200612,29.43745052475648,36.90529526859891,63.12424888509906,133.1594509631535,train
2099697,15,10,61444,18.81988152486174,23.39572380702557,31.620172917580707,40.15742751501979,67.35302494531688,0.0,203528,7.477663858787691,11.307889427470174,13.523041282380426,14.271185519174235,14.853866770237357,607.1355819406904,758541,19.080216041912973,23.86517950264425,32.00982828285952,40.08280235138148,68.3639145741458,31.948602977626518,1067358,18.18084163014509,22.3115372948411,29.717850688246607,37.565438214309744,64.7782781160966,146.17908102835085,train
2099697,15,15,64901,18.6650264067707,23.137775326599787,31.16669994706722,39.61593977157979,66.51611578731197,0.0,203528,7.477663858787691,11.307889427470174,13.523041282380426,14.271185519174235,14.853866770237357,607.1355819406904,912056,18.887530967050914,23.481743369792206,31.320575345292895,39.1307870689794,66.30091661047598,36.17054459375167,913843,18.195775059658764,22.421179027283237,30.06739402554318,38.22314049586777,66.25200898914558,155.9793096807089,train
2099697,15,30,68343,18.506797668121948,22.882468630593067,30.71646130425404,39.044584649190284,65.64213601440629,0.0,203528,7.477663858787691,11.307889427470174,13.523041282380426,14.271185519174235,14.853866770237357,607.1355819406904,1166644,18.65359595328147,23.035950688199147,30.556675642801885,38.0460444666867,64.33265109090254,45.3513318958572,659255,18.315978288722903,22.816983719999307,31.0367624323766,40.01936839690039,69.08142556088617,177.24597230984745,train
2099697,15,60,69692,18.443463711406274,22.77917621137856,30.567890530226947,38.903209933174566,65.15628473040852,0.0,203528,7.477663858787691,11.307889427470174,13.523041282380426,14.271185519174235,14.853866770237357,607.1355819406904,1391592,18.53167347402995,22.81869556872274,30.237370906486998,37.69507613455606,63.82740508251958,57.21424826004109,434307,18.538953074179858,23.443250574157855,32.38882135519977,42.187140540912736,72.15428772320638,204.2312379386498,train
2099697,15,120,70139,18.422785028484615,22.74521564965594,30.54020053072486,38.90268933850016,65.08341183663617,0.0,203528,7.477663858787691,11.307889427470174,13.523041282380426,14.271185519174235,14.853866770237357,607.1355819406904,1574034,18.48644943072587,22.783992684333747,30.21744744329858,37.705030612807555,63.99129281878818,71.66502145324296,251865,18.866988641877057,24.19436454797469,34.321596314662926,44.97198581056977,76.73863686576091,239.35127457086116,train
2099697,20,5,36040,24.706778632186552,30.280274569927823,40.12779395038246,49.76796143238055,82.50971539127306,0.0,271705,10.051008035269538,15.01686709902921,18.01624405308142,19.01443474410475,19.79920171372535,595.2504749508402,352593,25.21564829620935,31.32442924572675,41.75786688144778,52.069666888003376,86.78440587697932,29.596245200748214,1419926,23.636912667538333,28.212443769122068,36.35088493020393,44.97480689510229,73.46301444500264,140.44740247735263,train
2099697,20,10,44471,24.20110601917861,29.315302593115938,38.403643474191156,47.5065695491798,78.15151200711503,0.0,271705,10.051008035269538,15.01686709902921,18.01624405308142,19.01443474410475,19.79920171372535,595.2504749508402,568871,24.64050093766384,30.117474000010297,39.428568339493374,48.72943816004724,79.98753808085822,35.046816533027126,1203648,23.593800734921587,28.194401060639713,36.51364668795387,45.399153931670156,74.49468451820701,150.99686508909156,train
2099697,20,15,48213,24.014065843142053,28.910603809643252,37.74849697055385,46.69652442794009,76.71095695867773,0.0,271705,10.051008035269538,15.01686709902921,18.01624405308142,19.01443474410475,19.79920171372535,595.2504749508402,715768,24.383787556752456,29.602731432318336,38.460486550522724,47.33413366110147,77.31540247026052,39.52802598599545,1056751,23.60232376439183,28.270276356999823,36.79829737349924,45.95041491622361,75.49064224640688,159.67057243726586,train
2099697,20,30,52554,23.773832737926327,28.477166309759173,37.11631368509344,45.74660385350022,75.35557031637977,0.0,271705,10.051008035269538,15.01686709902921,18.01624405308142,19.01443474410475,19.79920171372535,595.2504749508402,980021,24.079534857192655,28.977377442565253,37.37060145191447,45.7756526620431,74.576779645308,49.336213949875905,792498,23.69551419114386,28.606846943357276,37.754331508269104,47.48194099513284,77.87120363418492,178.4160847214118,train
2099697,20,60,54519,23.676035155558,28.308842438436727,36.877606516681276,45.54076430957311,74.16007448727505,0.0,271705,10.051008035269538,15.01686709902921,18.01624405308142,19.01443474410475,19.79920171372535,595.2504749508402,1233598,23.90949261769732,28.660757897390134,36.908056690764184,45.250160209103214,73.82836405384043,62.251591956314115,538921,23.90180233361973,29.195689898704643,39.11162807604178,49.3805437078947,80.81191519092994,203.44805444972258,train
2099697,20,120,55231,23.633182566688255,28.250929395302506,36.803403211577496,45.49109251499988,74.05811519326173,0.0,271705,10.051008035269538,15.01686709902921,18.01624405308142,19.01443474410475,19.79920171372535,595.2504749508402,1451071,23.84842180637304,28.583837090092743,36.809650231666495,45.20811031973183,73.9729506913872,78.51455265995949,321448,24.214603986899306,29.991615377052064,41.14690032497154,51.70005240109906,84.9015166881205,236.35990303237136,train
2099697,25,5,25269,30.40124475729284,36.87492689653452,47.88547889546709,58.453524615309995,94.78309676457366,0.0,339912,12.56017514453774,18.77712309274686,22.488090609815764,23.742786695027547,24.749649034166524,584.2118492982877,250309,30.956157584734072,37.9960815891813,49.93161902583305,61.59387944198122,100.54465440619086,32.46063539243702,1463863,29.050082845262278,34.127680237588066,43.4020429608296,52.851422910092474,83.15262724763217,147.2061113698572,train
2099697,25,10,33181,29.826079717350083,35.57850174950447,45.69813517742643,55.62087490746849,90.23703132655979,0.0,339912,12.56017514453774,18.77712309274686,22.488090609815764,23.742786695027547,24.749649034166524,584.2118492982877,433926,30.25233441312842,36.44388037290504,47.01520532591969,57.46121059926374,91.63902959212768,37.90880738003992,1280246,28.99307821062277,34.07021148104643,43.4865537426964,53.09944883632411,83.7515328751037,155.9507930770438,train
2099697,25,15,36961,29.533767283162902,35.01328445204304,44.787075043934294,54.65282617466897,87.85069039489623,0.0,339912,12.56017514453774,18.77712309274686,22.488090609815764,23.742786695027547,24.749649034166524,584.2118492982877,567756,29.933321747630206,35.74942318954999,45.7435542324112,55.695162430922224,88.42566402811319,42.59083558774369,1146416,28.98737356059501,34.120499236778436,43.72280075348145,53.539580959897386,84.531080285507,163.39383832747365,train
2099697,25,30,41571,29.215742697717484,34.423043563644285,43.77826220116327,53.186758012203015,85.59932192195534,0.0,339912,12.56017514453774,18.77712309274686,22.488090609815764,23.742786695027547,24.749649034166524,584.2118492982877,825049,29.52305362922618,34.93589135425936,44.31492844517539,53.78228252196001,84.94139506155932,52.705974505917816,889123,29.064482029599155,34.41337979487384,44.560117971650854,54.79370838418439,86.35907607316926,180.47992071167056,train
2099697,25,60,44103,29.04548881968515,34.124995661749765,43.38014011107849,52.7408966995636,84.52282246490067,0.0,339912,12.56017514453774,18.77712309274686,22.488090609815764,23.742786695027547,24.749649034166524,584.2118492982877,1091084,29.305223271558507,34.538046669168615,43.72778973491465,53.01203191876952,83.59044645838031,66.5564987576531,623088,29.24479881069132,34.92717313959332,45.77838058929858,56.60216937577251,88.95340742758754,203.45996300239443,train
2099697,25,120,45168,28.966152875713675,33.9933174331713,43.18336668335418,52.591492448945274,83.90314983406978,0.0,339912,12.56017514453774,18.77712309274686,22.488090609815764,23.742786695027547,24.749649034166524,584.2118492982877,1333662,29.21624945956902,34.39865672796348,43.58613197367588,52.93912750451858,83.5295228621728,84.13342239561193,380510,29.549318240523718,35.76979095423326,47.58126934709169,58.90219449619776,92.44623195032447,234.2190545252361,train
2099697,30,5,18344,36.116966723590124,43.44374971090084,55.587986023804696,67.2940132038781,105.96072455612523,0.0,405835,14.95720516042032,22.372745662071676,26.904446099151876,28.441898034851956,29.67975608361912,574.6611849812347,182965,36.76713384298906,44.74499926386574,58.158272558021686,71.05805870932205,113.70937857255899,35.37147753137044,1472202,34.45015650778839,40.13727756938761,50.37674182923366,60.73766257097729,92.18276809748036,153.3694259982629,train
2099697,30,10,25514,35.31784367369047,41.788524170237864,52.903423914481856,63.804143798085676,99.54332787805554,0.0,405835,14.95720516042032,22.372745662071676,26.904446099151876,28.441898034851956,29.67975608361912,574.6611849812347,336425,35.86300998826526,42.82014683635058,54.62913908596152,66.0680519604319,103.44659765216285,40.8228138274681,1318742,34.387730122841425,40.05965512730919,50.383199559455846,60.8708218809381,92.56289352988667,160.82586413803062,train
2099697,30,15,29105,35.00037859713727,41.09032006341481,51.87378541531639,62.53265094685133,96.93129571100769,0.0,405835,14.95720516042032,22.372745662071676,26.904446099151876,28.441898034851956,29.67975608361912,574.6611849812347,455020,35.46379574005144,42.00440142725629,53.12165346867285,63.96527832303817,99.44777135395469,45.521728001943906,1200147,34.37665989874838,40.08832367429473,50.584940709864064,61.21464164549552,93.16397016674435,167.01632786713566,train
2099697,30,30,33865,34.60334807014111,40.31393548757458,50.62607202721422,61.08081384036598,95.11668207312009,0.0,405835,14.95720516042032,22.372745662071676,26.904446099151876,28.441898034851956,29.67975608361912,574.6611849812347,697650,34.9722040993691,40.98764266061853,51.36454100440194,61.67496861112242,94.83901024040652,55.988114579853345,957517,34.42987883512954,40.346577569928066,51.299798042806074,62.30646752249876,94.82606209076236,182.76918562139403,train
2099697,30,60,36757,34.368246678186686,39.887269163861355,50.119193902280514,60.5952133073181,92.73700496653326,0.0,405835,14.95720516042032,22.372745662071676,26.904446099151876,28.441898034851956,29.67975608361912,574.6611849812347,966110,34.706984093362806,40.49234756138985,50.545488460196005,60.72467021440982,92.59101852066297,70.39884102787263,689057,34.58230393218186,40.834175775895574,52.450423473235496,63.99616267367038,97.55266543252046,203.93953618236188,train
2099697,30,120,38053,34.25693114731558,39.69534930503745,49.8207540070653,60.288536745901645,92.11354823004707,0.0,405835,14.95720516042032,22.372745662071676,26.904446099151876,28.441898034851956,29.67975608361912,574.6611849812347,1225470,34.58436132155006,40.30726312793166,50.38451801705194,60.58984659234446,92.43944776220214,88.78723960782978,429697,34.889404297198574,41.656844828545125,54.00890710627256,66.36079725364202,100.62475995455033,233.20071940022302,train
2099697,50,5,6304,58.722207027628954,69.26428466419102,85.64715474713935,99.55757768702085,159.2028761103459,0.0,651302,23.943989317159193,36.42779598157204,44.471761243859795,47.22098204245078,49.447547060673514,546.94264089488,65966,59.94642800962589,71.55450338972454,90.26535559662594,108.47373851440196,169.89712326564558,47.02668848789517,1358430,55.907178076810695,63.38106268245873,76.65730446461255,89.4161716343645,125.85910598007953,172.77621365028125,train
2099697,50,10,10419,57.56307715820527,66.61741685105495,81.51162068977466,95.0231215410562,139.56379845469235,0.0,651302,23.943989317159193,36.42779598157204,44.471761243859795,47.22098204245078,49.447547060673514,546.94264089488,141070,58.387311111496345,68.22134343274402,84.3789225977846,99.44857630699447,149.18274043600383,51.462892822331156,1283326,55.83221594913914,63.25239869415755,76.50572871333165,89.30351785116815,125.78372296612983,177.05088175603294,train
2099697,50,15,12985,57.03905153061659,65.4080133006778,79.47520547525029,92.35864479161773,130.80419586888402,0.0,651302,23.943989317159193,36.42779598157204,44.471761243859795,47.22098204245078,49.447547060673514,546.94264089488,208821,57.71803446605635,66.78550672388971,81.9775278053243,96.09154514470558,141.53756230216322,56.23441687055848,1215575,55.796810087755674,63.20929446198169,76.49826807563339,89.3185176554034,125.84723523991012,181.0454348499206,train
2099697,50,30,17392,56.2315715051115,63.9654888920456,77.37310631361342,90.05224009684424,125.27903018269132,0.0,651302,23.943989317159193,36.42779598157204,44.471761243859795,47.22098204245078,49.447547060673514,546.94264089488,377075,56.80402764237107,64.88582748969696,78.69331468513194,91.74847955536276,132.08645778138893,67.10756211052221,1047321,55.79070491513554,63.29256325362146,76.83525042197041,89.86064662256594,126.73659303528986,191.43040216636348,train
2099697,50,60,20515,55.85737191388019,63.3317373897965,75.90897998421514,88.35412647457643,124.33523413724076,0.0,651302,23.943989317159193,36.42779598157204,44.471761243859795,47.22098204245078,49.447547060673514,546.94264089488,606801,56.277168599592024,63.87617900131604,76.96886801643716,89.45229492765405,127.96657199751841,83.01691073360901,817595,55.880054643273056,63.61147028016504,77.64798163337,91.0589786132716,128.28805519826588,206.79217685070648,train
2099697,50,120,22594,55.61498048590258,62.872464832619016,75.33357400501275,87.46324207058282,122.74440109072901,0.0,651302,23.943989317159193,36.42779598157204,44.471761243859795,47.22098204245078,49.447547060673514,546.94264089488,875063,56.01973960217795,63.42081759161177,76.28734320439305,88.71294366349673,126.06372577593034,103.54053974115821,549333,56.092827331671245,64.25251054714371,79.1829684674817,92.8724251137814,130.99367753874492,231.23154567479907,train
1049132,12,5,42576,14.846190857433472,17.93287010100504,22.69748677309063,27.266689337919683,41.22942238930602,0.0,102711,5.5725271612771525,8.837678237073394,10.746142768432426,11.355918688322117,11.873216502182041,457.38625739341285,211612,15.258195115416381,18.82623154668284,24.370455064191688,29.488314030484062,45.979644703433834,17.482636611091294,675041,14.367783880730641,17.099651864886994,21.536502310547842,25.80909304657743,40.226330654770706,101.79914942255374,test
1049132,12,10,52429,14.597573555978217,17.44985003652748,21.93448025265936,26.203685178441795,39.50621307858443,0.0,102711,5.5725271612771525,8.837678237073394,10.746142768432426,11.355918688322117,11.873216502182041,457.38625739341285,335861,14.94565189203382,18.208863922543266,23.226643598616754,27.86421759508355,42.76767936884885,21.87087600276816,550792,14.337277592753003,17.073212647356268,21.600167672587215,26.059095231409557,41.17575761054402,110.72919638967362,test
1049132,12,15,55888,14.507303751231415,17.282342665395618,21.68756474862955,25.89542144627023,38.92147201924994,0.0,102711,5.5725271612771525,8.837678237073394,10.746142768432426,11.355918688322117,11.873216502182041,457.38625739341285,415823,14.802669493810793,17.926414832451947,22.73808732614547,27.196100625731244,41.73466935500807,25.19157666083389,470830,14.344463596385097,17.121659351676723,21.786941714762595,26.426972788694496,41.990124672484264,117.2640103429235,test
1049132,12,30,58651,14.43149846108577,17.159296998083992,21.499575561885084,25.670070038218352,38.383911702675874,0.0,102711,5.5725271612771525,8.837678237073394,10.746142768432426,11.355918688322117,11.873216502182041,457.38625739341285,550289,14.642899487992327,17.600519471642055,22.20605682718859,26.488864655602004,40.44079044440554,32.179046875595596,336364,14.40673657638148,17.337801389482912,22.35680760026642,27.354598148301196,44.26399322029145,131.72466712134786,test
1049132,12,60,59499,14.402391890906438,17.112906639476147,21.418160916290613,25.558645214283878,38.21669305867156,0.0,102711,5.5725271612771525,8.837678237073394,10.746142768432426,11.355918688322117,11.873216502182041,457.38625739341285,667202,14.557243002715289,17.440321022625778,21.96467931506346,26.16847874816082,39.861991915391584,41.99336368939135,219451,14.53427151387938,17.735302145612575,23.266075570008326,28.779667488019292,48.32043441662138,150.51888603493407,test
1049132,12,120,59708,14.394077666228325,17.100479861934986,21.40562417579984,25.54422327597777,38.195264153763816,0.0,102711,5.5725271612771525,8.837678237073394,10.746142768432426,11.355918688322117,11.873216502182041,457.38625739341285,760885,14.523809087370289,17.38742241870278,21.909415442512948,26.14217168322361,39.997082597414014,53.95740443518646,125768,14.733450393623094,18.390916575179258,24.71133612480813,30.840415748417705,53.56074605948959,175.718814041568,test
1049132,15,5,30618,18.078142110850923,21.358627807975356,26.662325719809292,31.463143535133472,46.27477310994578,0.0,127221,7.1331251132285125,11.103801898670646,13.456685149532966,14.233428222854819,14.853073983516815,451.12664515826,156132,18.576777531437255,22.518442714689627,28.58263446980287,34.121781570384485,52.57010886771072,18.671093329820774,715425,17.51501994766278,20.420702482755825,25.18356239242917,29.79602503681101,45.075352544057495,105.17638806937904,test
1049132,15,10,40639,17.74475654206761,20.76061461318718,25.588609038636843,29.979885649371425,44.12315766282887,0.0,127221,7.1331251132285125,11.103801898670646,13.456685149532966,14.233428222854819,14.853073983516815,451.12664515826,267699,18.199150706300372,21.691417328474188,27.18484586475613,32.15978156603919,48.87029886015728,23.135549638204097,603858,17.47278145658268,20.379012322986796,25.200866302865258,29.94430018321341,45.621771626165966,112.56611798653219,test
1049132,15,15,44757,17.621426120147152,20.522763560808723,25.234015351450495,29.495274131100754,43.37221372490733,0.0,127221,7.1331251132285125,11.103801898670646,13.456685149532966,14.233428222854819,14.853073983516815,451.12664515826,344671,18.02333573713116,21.344063160787115,26.551055037696212,31.33603383857041,47.131801240678215,26.625677909754142,526886,17.46747294671857,20.408244728109615,25.34616885638971,30.230211058363388,46.35698796063873,118.29717346968556,test
1049132,15,30,48521,17.49719511328054,20.32603252220687,24.914182538376796,29.18159558207188,42.727955735383595,0.0,127221,7.1331251132285125,11.103801898670646,13.456685149532966,14.233428222854819,14.853073983516815,451.12664515826,482834,17.8062534333407,20.91918149842894,25.834554362462796,30.43211884098285,45.60905066331766,34.043583279173546,388723,17.51875075061879,20.598291957418546,25.863346146505034,31.04930535233815,48.3521448263467,131.56155811803558,test
1049132,15,60,49868,17.454015288721006,20.265600266921773,24.820047525526533,29.005138910709125,42.418391784439535,0.0,127221,7.1331251132285125,11.103801898670646,13.456685149532966,14.233428222854819,14.853073983516815,451.12664515826,611615,17.68901433502109,20.70901290589876,25.50429646061075,30.030884265279585,44.68762370398049,44.29092694537543,259942,17.645357220776592,20.97148403289515,26.722938173059223,32.40175357895884,52.318188192019775,149.15449469857904,test
1049132,15,120,50265,17.437399080437423,20.240559373152756,24.789950217591755,28.953108767817525,42.275367796111084,0.0,127221,7.1331251132285125,11.103801898670646,13.456685149532966,14.233428222854819,14.853073983516815,451.12664515826,720549,17.636648970702904,20.632923838061934,25.421730127388585,29.985007496251875,44.806287993751035,57.072588530190345,151008,17.87931605201353,21.60356330842849,27.952498248875926,34.196737465725654,57.15140527938145,173.85682847034946,test
1049132,20,5,18095,23.534615057851813,27.4173931705745,33.25307686819019,38.53021379211171,56.362012121490736,0.0,168127,9.693865580916844,14.869211592846577,17.93356726406164,18.955504075384816,19.773075163251757,441.06830881101337,97065,24.098255083458064,28.64717280253609,35.67439069013524,42.04696013272167,63.20048104956633,20.505403746741322,744409,22.72821816398837,25.937923271963722,31.27237726026556,36.36008902018206,53.1639304047775,110.17543789721196,test
1049132,20,10,26978,23.06821811499115,26.55051558324539,31.805288162689212,36.670530305014424,52.777477927797136,0.0,168127,9.693865580916844,14.869211592846577,17.93356726406164,18.955504075384816,19.773075163251757,441.06830881101337,185276,23.58094488690157,27.556547169959494,33.75792581334279,39.56579737015609,57.888886088731624,25.066207439096516,656198,22.678995240485364,25.866089579355215,31.23704352406136,36.36413183640297,53.41559781229029,115.70328403704288,test
1049132,20,15,31418,22.900946208630426,26.204532307169963,31.265432034682085,35.844615263556534,51.47211779623986,0.0,168127,9.693865580916844,14.869211592846577,17.93356726406164,18.955504075384816,19.773075163251757,441.06830881101337,252644,23.340870603052085,27.07872408670037,32.964718159407276,38.489414298516294,56.04968503053153,28.707720613735976,588830,22.667352529776025,25.86834377605661,31.305378411364753,36.51851324180731,53.915942098298416,120.4025429530707,test
1049132,20,30,36345,22.72440060269195,25.81738669786935,30.724557950536877,35.08404717311695,50.24348645624235,0.0,168127,9.693865580916844,14.869211592846577,17.93356726406164,18.955504075384816,19.773075163251757,441.06830881101337,386212,23.041416054626545,26.475898421828703,31.97860713540855,37.109931851065376,53.97497172034727,36.65399883453493,455262,22.701352027398784,26.022143392094847,31.72561310219392,37.15684407430059,55.61577062083031,131.8802305068806,test
1049132,20,60,38586,22.644704194079623,25.672954002282644,30.46558765389986,34.75345590876242,49.40011675343134,0.0,168127,9.693865580916844,14.869211592846577,17.93356726406164,18.955504075384816,19.773075163251757,441.06830881101337,525579,22.884233426350345,26.176563267513536,31.49512161748359,36.41531357969371,52.64363197219861,47.51047032611018,315895,22.80067421974686,26.355777372138437,32.48339163581864,38.38343400088745,59.483333288395194,148.08351832464314,test
1049132,20,120,39297,22.608230402035726,25.620253800856577,30.378559510250717,34.688716629533296,48.99984728986154,0.0,168127,9.693865580916844,14.869211592846577,17.93356726406164,18.955504075384816,19.773075163251757,441.06830881101337,653010,22.813576852140187,26.066901276222318,31.401830337257486,36.36064809557952,52.77534357692382,61.2638376562309,188464,23.009279246136394,26.896101032270103,33.50501558892556,39.80444953384839,64.47618672814099,172.1985343295905,test
1049132,25,5,11210,28.983118969455987,33.272458572860046,39.903236473805826,46.18637583570427,65.21474468197817,0.0,208662,12.201062084352262,18.572323127700002,22.42606275124887,23.717090721565675,24.744379644676123,431.41476486593996,62905,29.68127043375261,34.84938720496514,42.78495116419638,50.285401932905884,75.3123695835764,22.423434139276967,744915,27.95876033168933,31.46664893312228,37.292692560122774,42.779096392592294,61.615431333850744,114.5043600410566,test
1049132,25,10,18391,28.4580423484326,32.24990777829685,38.257036588782896,43.69067928108978,62.483762050165204,0.0,208662,12.201062084352262,18.572323127700002,22.42606275124887,23.717090721565675,24.744379644676123,431.41476486593996,130504,29.0111305703969,33.49787324339865,40.50942953787657,46.968814035670704,67.75577173289693,26.709990074203112,677316,27.906410850087873,31.377586988546426,37.185237478185726,42.66860255223311,61.78773524365966,118.5997683423024,test
1049132,25,15,22670,28.20766429382645,31.7909893594483,37.49708010116585,42.709992259537735,60.253584132094254,0.0,208662,12.201062084352262,18.572323127700002,22.42606275124887,23.717090721565675,24.744379644676123,431.41476486593996,186616,28.72367751852536,32.8895691293073,39.50011019573705,45.54604640840598,65.27066715549581,30.531981387178405,621204,27.885659088352472,31.360051920789445,37.207860214848644,42.74659932205606,62.17374147794759,122.40484028157779,test
1049132,25,30,28133,27.951351393167013,31.334268710587736,36.69080799347167,41.66944728762604,58.58507882444938,0.0,208662,12.201062084352262,18.572323127700002,22.42606275124887,23.717090721565675,24.744379644676123,431.41476486593996,307999,28.352945098431636,32.11825063314314,38.20394709173744,43.831978164218,62.22604352949979,39.03895577367256,499821,27.893373302096066,31.446531870576457,37.483826431834316,43.209809264305655,63.60881912712348,132.5231084197822,test
1049132,25,60,31063,27.83397381411685,31.0945275208025,36.19613814634325,41.11134339912919,57.42237971239291,0.0,208662,12.201062084352262,18.572323127700002,22.42606275124887,23.717090721565675,24.744379644676123,431.41476486593996,448803,28.131805129032223,31.707522367527556,37.478454460228484,42.87068686845167,60.37795741146376,50.23429100464895,359017,27.973325341907753,31.724831227072332,38.168332243744906,44.16681911392134,66.64642357459645,147.05618177106328,test
1049132,25,120,32219,27.788921184458097,31.02454786264595,36.13092881069831,41.02146619329788,57.01148739381933,0.0,208662,12.201062084352262,18.572323127700002,22.42606275124887,23.717090721565675,24.744379644676123,431.41476486593996,587210,28.039311207257686,31.570099113278026,37.35553142789333,42.8047520861706,60.67423917857075,64.85259594587183,220610,28.13443344300385,32.15072093072432,38.91162411939984,45.04353678025052,71.40833645488536,170.12960187515966,test
1049132,30,5,7200,34.45024302938211,39.44807479651839,46.773368290272465,53.802892687390674,76.55155195814802,0.0,247797,14.606671451306303,22.18789698579471,26.829912251984418,28.406084568154252,29.676017244183893,422.16325353157094,42340,35.269549709846714,41.04358915294368,50.00026521651766,57.97409191101831,86.72421745750947,24.20810398430766,731368,33.17156737743525,36.942632402080754,43.14857855447391,48.99743165936042,69.86638288711094,117.96588928397357,test
1049132,30,10,12683,33.803644914755395,38.156807659562745,45.038898760602954,51.021100016315145,70.91622946877126,0.0,247797,14.606671451306303,22.18789698579471,26.829912251984418,28.406084568154252,29.676017244183893,422.16325353157094,93777,34.46845466349263,39.497739894255055,47.2638847109411,54.3863723606748,78.40058404507297,28.47436617928685,679931,33.119063670392066,36.84578244316215,42.99785518972958,48.81941255487169,69.88937610743882,121.43719206653077,test
1049132,30,15,16453,33.53463929321203,37.5357099694567,43.98182062874361,49.84405467115909,68.67052005148102,0.0,247797,14.606671451306303,22.18789698579471,26.829912251984418,28.406084568154252,29.676017244183893,422.16325353157094,139598,34.118250736584784,38.7287687352659,45.99899476273274,52.73647100320213,75.24852601280355,32.40288453527655,634110,33.09293328504043,36.81735032633601,42.97804148281825,48.808794538660095,70.1199174771811,124.55324461486367,test
1049132,30,30,22122,33.166046541665075,36.8262205507234,42.761581095823566,48.3336727052878,66.27117367066622,0.0,247797,14.606671451306303,22.18789698579471,26.829912251984418,28.406084568154252,29.676017244183893,422.16325353157094,246839,33.6556570850236,37.77673798375989,44.42792641336212,50.618732490026034,71.39537840192219,41.05155207124438,526869,33.08163004091205,36.85286985428897,43.113906263115,49.08912915734226,71.2664287371258,133.48564166464735,test
1049132,30,60,25449,32.98067185858218,36.45234588483968,42.06068634546655,47.366650181809675,64.3982849468568,0.0,247797,14.606671451306303,22.18789698579471,26.829912251984418,28.406084568154252,29.676017244183893,422.16325353157094,383083,33.36307489364026,37.23469119091559,43.491712877752356,49.378740455284166,69.09669401535972,52.617834581945495,390625,33.149688106112535,37.0599135268681,43.60804316123907,49.90034639762696,73.81326583504095,146.4623878332662,test
1049132,30,120,26978,32.916147101203215,36.33687154307464,41.90853089913169,47.06362560464524,63.796227251399216,0.0,247797,14.606671451306303,22.18789698579471,26.829912251984418,28.406084568154252,29.676017244183893,422.16325353157094,526804,33.242180387082655,37.03942514401771,43.27204699196884,49.11959724928027,68.71728653930677,67.90469482903877,246904,33.2860489396066,37.387693826876685,44.14876205304627,50.75676816653378,78.07764760620455,168.49573360124492,test
1049132,50,5,1650,56.71558101060375,63.879596483906525,75.80824605717889,87.01358049218793,140.8760082754903,0.0,391572,23.41189204104805,36.00051997394721,44.20392652573641,47.067865084516654,49.404688081359716,394.30258368314446,11318,57.443816909114744,65.75534511258122,78.88558648543149,91.70244020790388,137.78640196055554,31.808760748941722,629025,53.903870028633186,58.63825754833198,66.58829160674897,74.10104614511715,104.09205067261325,130.74207337216538,test
1049132,50,10,3792,55.4390905343117,61.26901685556099,70.87517877122869,79.69439323885481,115.7339577763607,0.0,391572,23.41189204104805,36.00051997394721,44.20392652573641,47.067865084516654,49.404688081359716,394.30258368314446,30399,56.258349189448936,63.109324414697774,73.87724331641815,83.71161495981848,125.00124034112282,35.76499092406092,609944,53.85974230603219,58.54301207141194,66.43785601004761,73.90313123925917,103.98262823100275,132.44733541111768,test
1049132,50,15,5471,55.04394955577255,60.398158319834266,69.26772159163875,77.70575945024731,110.7861632843424,0.0,391572,23.41189204104805,36.00051997394721,44.20392652573641,47.067865084516654,49.404688081359716,394.30258368314446,50902,55.69056394244754,61.905602974918835,71.80246211700539,80.991732879793,116.92860124214342,39.30522688100871,589441,53.825874562576516,58.47832879081055,66.34395166487813,73.80131153146529,104.14079709733801,134.2754582512664,test
1049132,50,30,9126,54.30857692983982,59.12148724613201,67.05819260958648,74.73036423014884,100.2032171221494,0.0,391572,23.41189204104805,36.00051997394721,44.20392652573641,47.067865084516654,49.404688081359716,394.30258368314446,109436,54.96027609365302,60.45780259238637,69.34713730929585,77.74690554987566,106.95635274192946,47.71443378818596,530907,53.7678191107472,58.388620888334216,66.25200408835073,73.73053998604692,104.80321783270179,139.69836709110416,test
1049132,50,60,12727,53.86917298270812,58.35614790382011,65.46172813076716,72.69059204798776,97.05248994607199,0.0,391572,23.41189204104805,36.00051997394721,44.20392652573641,47.067865084516654,49.404688081359716,394.30258368314446,205191,54.419319889560384,59.4483736972045,67.66370373221596,75.46535610529807,102.96923908441903,60.36399838462939,435152,53.743681102213834,58.400877821145464,66.38359026134553,73.9535631047104,106.00134718144683,149.18060335638611,test
1049132,50,120,15513,53.62461710860561,57.786238258343374,64.54090004068883,71.26799873839835,94.2727715888206,0.0,391572,23.41189204104805,36.00051997394721,44.20392652573641,47.067865084516654,49.404688081359716,394.30258368314446,338271,54.07152874410914,58.89203675538921,66.8465000707075,74.40484845262567,102.0633416695615,76.76560796884554,302072,53.811043777785805,58.57128744908644,66.79042269817272,74.43513999347853,109.03197879194009,167.17412062068394,test
